{
	"credit": "Made with Blockbench",
	"texture_size": [32, 32],
	"textures": {
		"0": "block/creepto_top_gold",
		"1": "block/creepto_side_gold",
		"particle": "block/creepto_top_gold"
	},
	"elements": [
		{
			"from": [5.98249, 1.75, 3.78431],
			"to": [9.98249, 3.75, 7.78431],
			"rotation": {"angle": -22.5, "axis": "y", "origin": [10.23374, 1.875, 5.54056]},
			"faces": {
				"north": {"uv": [3, 0, 13, 7], "texture": "#1"},
				"east": {"uv": [3, 0, 13, 7], "texture": "#1"},
				"south": {"uv": [3, 0, 13, 7], "texture": "#1"},
				"west": {"uv": [3, 0, 13, 7], "texture": "#1"},
				"up": {"uv": [2, 2, 14, 14], "texture": "#0"},
				"down": {"uv": [2, 2, 14, 14], "texture": "#0"}
			}
		},
		{
			"from": [5.63249, 1.75, 4.13431],
			"to": [5.97249, 3.75, 7.43431],
			"rotation": {"angle": -22.5, "axis": "y", "origin": [10.23374, 1.875, 5.54056]},
			"faces": {
				"north": {"uv": [2, 0, 3, 7], "texture": "#1"},
				"east": {"uv": [2, 0, 13.95, 8], "texture": "#1"},
				"south": {"uv": [12, 0, 13, 7], "texture": "#1"},
				"west": {"uv": [3, 0, 12.95, 7], "texture": "#1"},
				"up": {"uv": [1, 3, 2, 12.95], "texture": "#0"},
				"down": {"uv": [1, 3, 2, 12.95], "texture": "#0"}
			}
		},
		{
			"from": [6.35249, 1.75, 7.78931],
			"to": [9.65249, 3.75, 8.12931],
			"rotation": {"angle": -22.5, "axis": "y", "origin": [10.23374, 1.875, 5.54056]},
			"faces": {
				"north": {"uv": [2, 0, 13.95, 8], "texture": "#1"},
				"east": {"uv": [12, 0, 13, 7], "texture": "#1"},
				"south": {"uv": [3, 0, 12.95, 7], "texture": "#1"},
				"west": {"uv": [2, 0, 3, 7], "texture": "#1"},
				"up": {"uv": [1, 3, 2, 12.95], "rotation": 270, "texture": "#0"},
				"down": {"uv": [1, 3, 2, 12.95], "rotation": 90, "texture": "#0"}
			}
		},
		{
			"from": [6.32749, 1.75, 3.43931],
			"to": [9.62749, 3.75, 3.77931],
			"rotation": {"angle": -22.5, "axis": "y", "origin": [10.23374, 1.875, 5.54056]},
			"faces": {
				"north": {"uv": [2, 0, 13.95, 7], "texture": "#1"},
				"east": {"uv": [12, 0, 13, 7], "texture": "#1"},
				"south": {"uv": [3, 0, 12.95, 7], "texture": "#1"},
				"west": {"uv": [2, 0, 3, 7], "texture": "#1"},
				"up": {"uv": [1, 3, 2, 12.95], "rotation": 270, "texture": "#0"},
				"down": {"uv": [1, 3, 2, 12.95], "rotation": 90, "texture": "#0"}
			}
		},
		{
			"from": [9.98249, 1.75, 4.13431],
			"to": [10.32249, 3.75, 7.43431],
			"rotation": {"angle": -22.5, "axis": "y", "origin": [10.23374, 1.875, 5.54056]},
			"faces": {
				"north": {"uv": [2, 0, 3, 7], "texture": "#1"},
				"east": {"uv": [3, 0, 12.95, 7], "texture": "#1"},
				"south": {"uv": [12, 0, 13, 7], "texture": "#1"},
				"west": {"uv": [3, 0, 12.95, 7], "texture": "#1"},
				"up": {"uv": [1, 3, 2, 12.95], "texture": "#0"},
				"down": {"uv": [1, 3, 2, 12.95], "texture": "#0"}
			}
		},
		{
			"from": [5.98249, 0, 3.78431],
			"to": [9.98249, 2, 7.78431],
			"rotation": {"angle": -22.5, "axis": "y", "origin": [10.23374, 1.875, 5.54056]},
			"faces": {
				"north": {"uv": [3, 0, 13, 7], "texture": "#1"},
				"east": {"uv": [3, 0, 13, 7], "texture": "#1"},
				"south": {"uv": [3, 0, 13, 7], "texture": "#1"},
				"west": {"uv": [3, 0, 13, 7], "texture": "#1"},
				"up": {"uv": [2, 2, 14, 14], "texture": "#0"},
				"down": {"uv": [2, 2, 14, 14], "texture": "#0"}
			}
		},
		{
			"from": [5.63249, 0, 4.13431],
			"to": [5.97249, 2, 7.43431],
			"rotation": {"angle": -22.5, "axis": "y", "origin": [10.23374, 1.875, 5.54056]},
			"faces": {
				"north": {"uv": [2, 0, 3, 7], "texture": "#1"},
				"east": {"uv": [2, 0, 13.95, 8], "texture": "#1"},
				"south": {"uv": [12, 0, 13, 7], "texture": "#1"},
				"west": {"uv": [3, 0, 12.95, 7], "texture": "#1"},
				"up": {"uv": [1, 3, 2, 12.95], "texture": "#0"},
				"down": {"uv": [1, 3, 2, 12.95], "texture": "#0"}
			}
		},
		{
			"from": [6.35249, 0, 7.78931],
			"to": [9.65249, 2, 8.12931],
			"rotation": {"angle": -22.5, "axis": "y", "origin": [10.23374, 1.875, 5.54056]},
			"faces": {
				"north": {"uv": [2, 0, 13.95, 8], "texture": "#1"},
				"east": {"uv": [12, 0, 13, 7], "texture": "#1"},
				"south": {"uv": [3, 0, 12.95, 7], "texture": "#1"},
				"west": {"uv": [2, 0, 3, 7], "texture": "#1"},
				"up": {"uv": [1, 3, 2, 12.95], "rotation": 270, "texture": "#0"},
				"down": {"uv": [1, 3, 2, 12.95], "rotation": 90, "texture": "#0"}
			}
		},
		{
			"from": [6.32749, 0, 3.43931],
			"to": [9.62749, 2, 3.77931],
			"rotation": {"angle": -22.5, "axis": "y", "origin": [10.23374, 1.875, 5.54056]},
			"faces": {
				"north": {"uv": [2, 0, 13.95, 7], "texture": "#1"},
				"east": {"uv": [12, 0, 13, 7], "texture": "#1"},
				"south": {"uv": [3, 0, 12.95, 7], "texture": "#1"},
				"west": {"uv": [2, 0, 3, 7], "texture": "#1"},
				"up": {"uv": [1, 3, 2, 12.95], "rotation": 270, "texture": "#0"},
				"down": {"uv": [1, 3, 2, 12.95], "rotation": 90, "texture": "#0"}
			}
		},
		{
			"from": [9.98249, 0, 4.13431],
			"to": [10.32249, 2, 7.43431],
			"rotation": {"angle": -22.5, "axis": "y", "origin": [10.23374, 1.875, 5.54056]},
			"faces": {
				"north": {"uv": [2, 0, 3, 7], "texture": "#1"},
				"east": {"uv": [3, 0, 12.95, 7], "texture": "#1"},
				"south": {"uv": [12, 0, 13, 7], "texture": "#1"},
				"west": {"uv": [3, 0, 12.95, 7], "texture": "#1"},
				"up": {"uv": [1, 3, 2, 12.95], "texture": "#0"},
				"down": {"uv": [1, 3, 2, 12.95], "texture": "#0"}
			}
		},
		{
			"from": [9.62249, 0, 8.87247],
			"to": [12.92249, 0.3, 9.21247],
			"rotation": {"angle": -22.5, "axis": "y", "origin": [11.02691, 0.15, 11.71564]},
			"faces": {
				"north": {"uv": [3, 0, 12.95, 1], "texture": "#1"},
				"east": {"uv": [12, 0, 13, 1], "texture": "#1"},
				"south": {"uv": [3, 0, 12.95, 1], "texture": "#1"},
				"west": {"uv": [2, 0, 3, 1], "texture": "#1"},
				"up": {"uv": [1, 3, 2, 12.95], "rotation": 270, "texture": "#0"},
				"down": {"uv": [1, 3, 2, 12.95], "rotation": 90, "texture": "#0"}
			}
		},
		{
			"from": [9.27249, 0, 9.21247],
			"to": [13.27249, 0.3, 13.21247],
			"rotation": {"angle": -22.5, "axis": "y", "origin": [11.02691, 0.15, 11.71564]},
			"faces": {
				"north": {"uv": [3, 0, 13, 1], "texture": "#1"},
				"east": {"uv": [3, 0, 13, 1], "texture": "#1"},
				"south": {"uv": [3, 0, 13, 1], "texture": "#1"},
				"west": {"uv": [3, 0, 13, 1], "texture": "#1"},
				"up": {"uv": [2, 2, 14, 14], "rotation": 270, "texture": "#0"},
				"down": {"uv": [2, 2, 14, 14], "rotation": 90, "texture": "#0"}
			}
		},
		{
			"from": [9.62249, 0, 13.22247],
			"to": [12.92249, 0.3, 13.56247],
			"rotation": {"angle": -22.5, "axis": "y", "origin": [11.02691, 0.15, 11.71564]},
			"faces": {
				"north": {"uv": [2, 0, 13.95, 2], "texture": "#1"},
				"east": {"uv": [12, 0, 13, 1], "texture": "#1"},
				"south": {"uv": [3, 0, 12.95, 1], "texture": "#1"},
				"west": {"uv": [2, 0, 3, 1], "texture": "#1"},
				"up": {"uv": [1, 3, 2, 12.95], "rotation": 270, "texture": "#0"},
				"down": {"uv": [1, 3, 2, 12.95], "rotation": 90, "texture": "#0"}
			}
		},
		{
			"from": [13.27749, 0, 9.54247],
			"to": [13.61749, 0.3, 12.84247],
			"rotation": {"angle": -22.5, "axis": "y", "origin": [11.02691, 0.15, 11.71564]},
			"faces": {
				"north": {"uv": [12, 0, 13, 1], "texture": "#1"},
				"east": {"uv": [3, 0, 12.95, 1], "texture": "#1"},
				"south": {"uv": [2, 0, 3, 1], "texture": "#1"},
				"west": {"uv": [2, 0, 13.95, 2], "texture": "#1"},
				"up": {"uv": [1, 3, 2, 12.95], "rotation": 180, "texture": "#0"},
				"down": {"uv": [1, 3, 2, 12.95], "rotation": 180, "texture": "#0"}
			}
		},
		{
			"from": [8.92749, 0, 9.56747],
			"to": [9.26749, 0.3, 12.86747],
			"rotation": {"angle": -22.5, "axis": "y", "origin": [11.02691, 0.15, 11.71564]},
			"faces": {
				"north": {"uv": [12, 0, 13, 1], "texture": "#1"},
				"east": {"uv": [3, 0, 12.95, 1], "texture": "#1"},
				"south": {"uv": [2, 0, 3, 1], "texture": "#1"},
				"west": {"uv": [2, 0, 13.95, 1], "texture": "#1"},
				"up": {"uv": [1, 3, 2, 12.95], "rotation": 180, "texture": "#0"},
				"down": {"uv": [1, 3, 2, 12.95], "rotation": 180, "texture": "#0"}
			}
		},
		{
			"from": [6.73106, 0, 8.91845],
			"to": [7.07106, 0.9, 12.21845],
			"rotation": {"angle": 22.5, "axis": "y", "origin": [5.47606, 0.45, 11.06845]},
			"faces": {
				"north": {"uv": [2, 0, 3, 3], "texture": "#1"},
				"east": {"uv": [3, 0, 12.95, 3], "texture": "#1"},
				"south": {"uv": [12, 0, 13, 3], "texture": "#1"},
				"west": {"uv": [3, 0, 12.95, 3], "texture": "#1"},
				"up": {"uv": [1, 3, 2, 12.95], "texture": "#0"},
				"down": {"uv": [1, 3, 2, 12.95], "texture": "#0"}
			}
		},
		{
			"from": [2.73106, 0, 8.56845],
			"to": [6.73106, 0.9, 12.56845],
			"rotation": {"angle": 22.5, "axis": "y", "origin": [5.47606, 0.45, 11.06845]},
			"faces": {
				"north": {"uv": [3, 0, 13, 3], "texture": "#1"},
				"east": {"uv": [3, 0, 13, 3], "texture": "#1"},
				"south": {"uv": [3, 0, 13, 3], "texture": "#1"},
				"west": {"uv": [3, 0, 13, 3], "texture": "#1"},
				"up": {"uv": [2, 2, 14, 14], "texture": "#0"},
				"down": {"uv": [2, 2, 14, 14], "texture": "#0"}
			}
		},
		{
			"from": [2.38106, 0, 8.91845],
			"to": [2.72106, 0.9, 12.21845],
			"rotation": {"angle": 22.5, "axis": "y", "origin": [5.47606, 0.45, 11.06845]},
			"faces": {
				"north": {"uv": [2, 0, 3, 3], "texture": "#1"},
				"east": {"uv": [2, 0, 13.95, 4], "texture": "#1"},
				"south": {"uv": [12, 0, 13, 3], "texture": "#1"},
				"west": {"uv": [3, 0, 12.95, 3], "texture": "#1"},
				"up": {"uv": [1, 3, 2, 12.95], "texture": "#0"},
				"down": {"uv": [1, 3, 2, 12.95], "texture": "#0"}
			}
		},
		{
			"from": [3.10106, 0, 12.57345],
			"to": [6.40106, 0.9, 12.91345],
			"rotation": {"angle": 22.5, "axis": "y", "origin": [5.47606, 0.45, 11.06845]},
			"faces": {
				"north": {"uv": [2, 0, 13.95, 4], "texture": "#1"},
				"east": {"uv": [12, 0, 13, 3], "texture": "#1"},
				"south": {"uv": [3, 0, 12.95, 3], "texture": "#1"},
				"west": {"uv": [2, 0, 3, 3], "texture": "#1"},
				"up": {"uv": [1, 3, 2, 12.95], "rotation": 270, "texture": "#0"},
				"down": {"uv": [1, 3, 2, 12.95], "rotation": 90, "texture": "#0"}
			}
		},
		{
			"from": [3.07606, 0, 8.22345],
			"to": [6.37606, 0.9, 8.56345],
			"rotation": {"angle": 22.5, "axis": "y", "origin": [5.47606, 0.45, 11.06845]},
			"faces": {
				"north": {"uv": [2, 0, 13.95, 3], "texture": "#1"},
				"east": {"uv": [12, 0, 13, 3], "texture": "#1"},
				"south": {"uv": [3, 0, 12.95, 3], "texture": "#1"},
				"west": {"uv": [2, 0, 3, 3], "texture": "#1"},
				"up": {"uv": [1, 3, 2, 12.95], "rotation": 270, "texture": "#0"},
				"down": {"uv": [1, 3, 2, 12.95], "rotation": 90, "texture": "#0"}
			}
		}
	],
	"groups": [
		{
			"name": "stack2",
			"origin": [0, 0, 0],
			"color": 0,
			"children": [0, 1, 2, 3, 4, 5, 6, 7, 8, 9]
		},
		{
			"name": "ssw1",
			"origin": [1.82, 1, 5],
			"color": 0,
			"children": [10, 11, 12, 13, 14]
		},
		{
			"name": "ssw3",
			"origin": [1.82, 1, 5],
			"color": 0,
			"children": [15, 16, 17, 18, 19]
		}
	]
}