{
	"credit": "Made with Blockbench",
	"texture_size": [32, 32],
	"textures": {
		"0": "block/creepto_top_redstone",
		"1": "block/creepto_side_redstone",
		"particle": "block/creepto_top_redstone"
	},
	"elements": [
		{
			"from": [0.89817, 0, 1.17536],
			"to": [4.89817, 2, 5.17536],
			"rotation": {"angle": -22.5, "axis": "y", "origin": [3.745, 6.25, 2.75478]},
			"faces": {
				"north": {"uv": [3, 0, 13, 7], "texture": "#1"},
				"east": {"uv": [3, 0, 13, 7], "texture": "#1"},
				"south": {"uv": [3, 0, 13, 7], "texture": "#1"},
				"west": {"uv": [3, 0, 13, 7], "texture": "#1"},
				"up": {"uv": [2, 2, 14, 14], "texture": "#0"},
				"down": {"uv": [2, 2, 14, 14], "texture": "#0"}
			}
		},
		{
			"from": [0.54817, 0, 1.52536],
			"to": [0.88817, 2, 4.82536],
			"rotation": {"angle": -22.5, "axis": "y", "origin": [3.745, 6.25, 2.75478]},
			"faces": {
				"north": {"uv": [2, 0, 3, 7], "texture": "#1"},
				"east": {"uv": [2, 0, 13.95, 8], "texture": "#1"},
				"south": {"uv": [12, 0, 13, 7], "texture": "#1"},
				"west": {"uv": [3, 0, 12.95, 7], "texture": "#1"},
				"up": {"uv": [1, 3, 2, 12.95], "texture": "#0"},
				"down": {"uv": [1, 3, 2, 12.95], "texture": "#0"}
			}
		},
		{
			"from": [1.26817, 0, 5.18036],
			"to": [4.56817, 2, 5.52036],
			"rotation": {"angle": -22.5, "axis": "y", "origin": [3.745, 6.25, 2.75478]},
			"faces": {
				"north": {"uv": [2, 0, 13.95, 8], "texture": "#1"},
				"east": {"uv": [12, 0, 13, 7], "texture": "#1"},
				"south": {"uv": [3, 0, 12.95, 7], "texture": "#1"},
				"west": {"uv": [2, 0, 3, 7], "texture": "#1"},
				"up": {"uv": [1, 3, 2, 12.95], "rotation": 270, "texture": "#0"},
				"down": {"uv": [1, 3, 2, 12.95], "rotation": 90, "texture": "#0"}
			}
		},
		{
			"from": [1.24317, 0, 0.83036],
			"to": [4.54317, 2, 1.17036],
			"rotation": {"angle": -22.5, "axis": "y", "origin": [3.745, 6.25, 2.75478]},
			"faces": {
				"north": {"uv": [2, 0, 13.95, 7], "texture": "#1"},
				"east": {"uv": [12, 0, 13, 7], "texture": "#1"},
				"south": {"uv": [3, 0, 12.95, 7], "texture": "#1"},
				"west": {"uv": [2, 0, 3, 7], "texture": "#1"},
				"up": {"uv": [1, 3, 2, 12.95], "rotation": 270, "texture": "#0"},
				"down": {"uv": [1, 3, 2, 12.95], "rotation": 90, "texture": "#0"}
			}
		},
		{
			"from": [4.89817, 0, 1.52536],
			"to": [5.23817, 2, 4.82536],
			"rotation": {"angle": -22.5, "axis": "y", "origin": [3.745, 6.25, 2.75478]},
			"faces": {
				"north": {"uv": [2, 0, 3, 7], "texture": "#1"},
				"east": {"uv": [3, 0, 12.95, 7], "texture": "#1"},
				"south": {"uv": [12, 0, 13, 7], "texture": "#1"},
				"west": {"uv": [3, 0, 12.95, 7], "texture": "#1"},
				"up": {"uv": [1, 3, 2, 12.95], "texture": "#0"},
				"down": {"uv": [1, 3, 2, 12.95], "texture": "#0"}
			}
		},
		{
			"from": [0.89817, 1.75, 1.17536],
			"to": [4.89817, 3.75, 5.17536],
			"rotation": {"angle": -22.5, "axis": "y", "origin": [3.745, 6.25, 2.75478]},
			"faces": {
				"north": {"uv": [3, 0, 13, 7], "texture": "#1"},
				"east": {"uv": [3, 0, 13, 7], "texture": "#1"},
				"south": {"uv": [3, 0, 13, 7], "texture": "#1"},
				"west": {"uv": [3, 0, 13, 7], "texture": "#1"},
				"up": {"uv": [2, 2, 14, 14], "texture": "#0"},
				"down": {"uv": [2, 2, 14, 14], "texture": "#0"}
			}
		},
		{
			"from": [0.54817, 1.75, 1.52536],
			"to": [0.88817, 3.75, 4.82536],
			"rotation": {"angle": -22.5, "axis": "y", "origin": [3.745, 6.25, 2.75478]},
			"faces": {
				"north": {"uv": [2, 0, 3, 7], "texture": "#1"},
				"east": {"uv": [2, 0, 13.95, 8], "texture": "#1"},
				"south": {"uv": [12, 0, 13, 7], "texture": "#1"},
				"west": {"uv": [3, 0, 12.95, 7], "texture": "#1"},
				"up": {"uv": [1, 3, 2, 12.95], "texture": "#0"},
				"down": {"uv": [1, 3, 2, 12.95], "texture": "#0"}
			}
		},
		{
			"from": [1.26817, 1.75, 5.18036],
			"to": [4.56817, 3.75, 5.52036],
			"rotation": {"angle": -22.5, "axis": "y", "origin": [3.745, 6.25, 2.75478]},
			"faces": {
				"north": {"uv": [2, 0, 13.95, 8], "texture": "#1"},
				"east": {"uv": [12, 0, 13, 7], "texture": "#1"},
				"south": {"uv": [3, 0, 12.95, 7], "texture": "#1"},
				"west": {"uv": [2, 0, 3, 7], "texture": "#1"},
				"up": {"uv": [1, 3, 2, 12.95], "rotation": 270, "texture": "#0"},
				"down": {"uv": [1, 3, 2, 12.95], "rotation": 90, "texture": "#0"}
			}
		},
		{
			"from": [1.24317, 1.75, 0.83036],
			"to": [4.54317, 3.75, 1.17036],
			"rotation": {"angle": -22.5, "axis": "y", "origin": [3.745, 6.25, 2.75478]},
			"faces": {
				"north": {"uv": [2, 0, 13.95, 7], "texture": "#1"},
				"east": {"uv": [12, 0, 13, 7], "texture": "#1"},
				"south": {"uv": [3, 0, 12.95, 7], "texture": "#1"},
				"west": {"uv": [2, 0, 3, 7], "texture": "#1"},
				"up": {"uv": [1, 3, 2, 12.95], "rotation": 270, "texture": "#0"},
				"down": {"uv": [1, 3, 2, 12.95], "rotation": 90, "texture": "#0"}
			}
		},
		{
			"from": [4.89817, 1.75, 1.52536],
			"to": [5.23817, 3.75, 4.82536],
			"rotation": {"angle": -22.5, "axis": "y", "origin": [3.745, 6.25, 2.75478]},
			"faces": {
				"north": {"uv": [2, 0, 3, 7], "texture": "#1"},
				"east": {"uv": [3, 0, 12.95, 7], "texture": "#1"},
				"south": {"uv": [12, 0, 13, 7], "texture": "#1"},
				"west": {"uv": [3, 0, 12.95, 7], "texture": "#1"},
				"up": {"uv": [1, 3, 2, 12.95], "texture": "#0"},
				"down": {"uv": [1, 3, 2, 12.95], "texture": "#0"}
			}
		},
		{
			"from": [0.89817, 3.5, 1.17536],
			"to": [4.89817, 5.5, 5.17536],
			"rotation": {"angle": -22.5, "axis": "y", "origin": [3.745, 6.25, 2.75478]},
			"faces": {
				"north": {"uv": [3, 0, 13, 7], "texture": "#1"},
				"east": {"uv": [3, 0, 13, 7], "texture": "#1"},
				"south": {"uv": [3, 0, 13, 7], "texture": "#1"},
				"west": {"uv": [3, 0, 13, 7], "texture": "#1"},
				"up": {"uv": [2, 2, 14, 14], "texture": "#0"},
				"down": {"uv": [2, 2, 14, 14], "texture": "#0"}
			}
		},
		{
			"from": [0.54817, 3.5, 1.52536],
			"to": [0.88817, 5.5, 4.82536],
			"rotation": {"angle": -22.5, "axis": "y", "origin": [3.745, 6.25, 2.75478]},
			"faces": {
				"north": {"uv": [2, 0, 3, 7], "texture": "#1"},
				"east": {"uv": [2, 0, 13.95, 8], "texture": "#1"},
				"south": {"uv": [12, 0, 13, 7], "texture": "#1"},
				"west": {"uv": [3, 0, 12.95, 7], "texture": "#1"},
				"up": {"uv": [1, 3, 2, 12.95], "texture": "#0"},
				"down": {"uv": [1, 3, 2, 12.95], "texture": "#0"}
			}
		},
		{
			"from": [1.26817, 3.5, 5.18036],
			"to": [4.56817, 5.5, 5.52036],
			"rotation": {"angle": -22.5, "axis": "y", "origin": [3.745, 6.25, 2.75478]},
			"faces": {
				"north": {"uv": [2, 0, 13.95, 8], "texture": "#1"},
				"east": {"uv": [12, 0, 13, 7], "texture": "#1"},
				"south": {"uv": [3, 0, 12.95, 7], "texture": "#1"},
				"west": {"uv": [2, 0, 3, 7], "texture": "#1"},
				"up": {"uv": [1, 3, 2, 12.95], "rotation": 270, "texture": "#0"},
				"down": {"uv": [1, 3, 2, 12.95], "rotation": 90, "texture": "#0"}
			}
		},
		{
			"from": [1.24317, 3.5, 0.83036],
			"to": [4.54317, 5.5, 1.17036],
			"rotation": {"angle": -22.5, "axis": "y", "origin": [3.745, 6.25, 2.75478]},
			"faces": {
				"north": {"uv": [2, 0, 13.95, 7], "texture": "#1"},
				"east": {"uv": [12, 0, 13, 7], "texture": "#1"},
				"south": {"uv": [3, 0, 12.95, 7], "texture": "#1"},
				"west": {"uv": [2, 0, 3, 7], "texture": "#1"},
				"up": {"uv": [1, 3, 2, 12.95], "rotation": 270, "texture": "#0"},
				"down": {"uv": [1, 3, 2, 12.95], "rotation": 90, "texture": "#0"}
			}
		},
		{
			"from": [4.89817, 3.5, 1.52536],
			"to": [5.23817, 5.5, 4.82536],
			"rotation": {"angle": -22.5, "axis": "y", "origin": [3.745, 6.25, 2.75478]},
			"faces": {
				"north": {"uv": [2, 0, 3, 7], "texture": "#1"},
				"east": {"uv": [3, 0, 12.95, 7], "texture": "#1"},
				"south": {"uv": [12, 0, 13, 7], "texture": "#1"},
				"west": {"uv": [3, 0, 12.95, 7], "texture": "#1"},
				"up": {"uv": [1, 3, 2, 12.95], "texture": "#0"},
				"down": {"uv": [1, 3, 2, 12.95], "texture": "#0"}
			}
		},
		{
			"from": [0.89817, 5.25, 1.17536],
			"to": [4.89817, 7.25, 5.17536],
			"rotation": {"angle": -22.5, "axis": "y", "origin": [3.745, 6.25, 2.75478]},
			"faces": {
				"north": {"uv": [3, 0, 13, 7], "texture": "#1"},
				"east": {"uv": [3, 0, 13, 7], "texture": "#1"},
				"south": {"uv": [3, 0, 13, 7], "texture": "#1"},
				"west": {"uv": [3, 0, 13, 7], "texture": "#1"},
				"up": {"uv": [2, 2, 14, 14], "texture": "#0"},
				"down": {"uv": [2, 2, 14, 14], "texture": "#0"}
			}
		},
		{
			"from": [0.54817, 5.25, 1.52536],
			"to": [0.88817, 7.25, 4.82536],
			"rotation": {"angle": -22.5, "axis": "y", "origin": [3.745, 6.25, 2.75478]},
			"faces": {
				"north": {"uv": [2, 0, 3, 7], "texture": "#1"},
				"east": {"uv": [2, 0, 13.95, 8], "texture": "#1"},
				"south": {"uv": [12, 0, 13, 7], "texture": "#1"},
				"west": {"uv": [3, 0, 12.95, 7], "texture": "#1"},
				"up": {"uv": [1, 3, 2, 12.95], "texture": "#0"},
				"down": {"uv": [1, 3, 2, 12.95], "texture": "#0"}
			}
		},
		{
			"from": [1.26817, 5.25, 5.18036],
			"to": [4.56817, 7.25, 5.52036],
			"rotation": {"angle": -22.5, "axis": "y", "origin": [3.745, 6.25, 2.75478]},
			"faces": {
				"north": {"uv": [2, 0, 13.95, 8], "texture": "#1"},
				"east": {"uv": [12, 0, 13, 7], "texture": "#1"},
				"south": {"uv": [3, 0, 12.95, 7], "texture": "#1"},
				"west": {"uv": [2, 0, 3, 7], "texture": "#1"},
				"up": {"uv": [1, 3, 2, 12.95], "rotation": 270, "texture": "#0"},
				"down": {"uv": [1, 3, 2, 12.95], "rotation": 90, "texture": "#0"}
			}
		},
		{
			"from": [1.24317, 5.25, 0.83036],
			"to": [4.54317, 7.25, 1.17036],
			"rotation": {"angle": -22.5, "axis": "y", "origin": [3.745, 6.25, 2.75478]},
			"faces": {
				"north": {"uv": [2, 0, 13.95, 7], "texture": "#1"},
				"east": {"uv": [12, 0, 13, 7], "texture": "#1"},
				"south": {"uv": [3, 0, 12.95, 7], "texture": "#1"},
				"west": {"uv": [2, 0, 3, 7], "texture": "#1"},
				"up": {"uv": [1, 3, 2, 12.95], "rotation": 270, "texture": "#0"},
				"down": {"uv": [1, 3, 2, 12.95], "rotation": 90, "texture": "#0"}
			}
		},
		{
			"from": [4.89817, 5.25, 1.52536],
			"to": [5.23817, 7.25, 4.82536],
			"rotation": {"angle": -22.5, "axis": "y", "origin": [3.745, 6.25, 2.75478]},
			"faces": {
				"north": {"uv": [2, 0, 3, 7], "texture": "#1"},
				"east": {"uv": [3, 0, 12.95, 7], "texture": "#1"},
				"south": {"uv": [12, 0, 13, 7], "texture": "#1"},
				"west": {"uv": [3, 0, 12.95, 7], "texture": "#1"},
				"up": {"uv": [1, 3, 2, 12.95], "texture": "#0"},
				"down": {"uv": [1, 3, 2, 12.95], "texture": "#0"}
			}
		},
		{
			"from": [0.89817, 8.75, 1.17536],
			"to": [4.89817, 10.75, 5.17536],
			"rotation": {"angle": -22.5, "axis": "y", "origin": [3.745, 6.25, 2.75478]},
			"faces": {
				"north": {"uv": [3, 0, 13, 7], "texture": "#1"},
				"east": {"uv": [3, 0, 13, 7], "texture": "#1"},
				"south": {"uv": [3, 0, 13, 7], "texture": "#1"},
				"west": {"uv": [3, 0, 13, 7], "texture": "#1"},
				"up": {"uv": [2, 2, 14, 14], "texture": "#0"},
				"down": {"uv": [2, 2, 14, 14], "texture": "#0"}
			}
		},
		{
			"from": [0.54817, 8.75, 1.52536],
			"to": [0.88817, 10.75, 4.82536],
			"rotation": {"angle": -22.5, "axis": "y", "origin": [3.745, 6.25, 2.75478]},
			"faces": {
				"north": {"uv": [2, 0, 3, 7], "texture": "#1"},
				"east": {"uv": [2, 0, 13.95, 8], "texture": "#1"},
				"south": {"uv": [12, 0, 13, 7], "texture": "#1"},
				"west": {"uv": [3, 0, 12.95, 7], "texture": "#1"},
				"up": {"uv": [1, 3, 2, 12.95], "texture": "#0"},
				"down": {"uv": [1, 3, 2, 12.95], "texture": "#0"}
			}
		},
		{
			"from": [1.26817, 8.75, 5.18036],
			"to": [4.56817, 10.75, 5.52036],
			"rotation": {"angle": -22.5, "axis": "y", "origin": [3.745, 6.25, 2.75478]},
			"faces": {
				"north": {"uv": [2, 0, 13.95, 8], "texture": "#1"},
				"east": {"uv": [12, 0, 13, 7], "texture": "#1"},
				"south": {"uv": [3, 0, 12.95, 7], "texture": "#1"},
				"west": {"uv": [2, 0, 3, 7], "texture": "#1"},
				"up": {"uv": [1, 3, 2, 12.95], "rotation": 270, "texture": "#0"},
				"down": {"uv": [1, 3, 2, 12.95], "rotation": 90, "texture": "#0"}
			}
		},
		{
			"from": [1.24317, 8.75, 0.83036],
			"to": [4.54317, 10.75, 1.17036],
			"rotation": {"angle": -22.5, "axis": "y", "origin": [3.745, 6.25, 2.75478]},
			"faces": {
				"north": {"uv": [2, 0, 13.95, 7], "texture": "#1"},
				"east": {"uv": [12, 0, 13, 7], "texture": "#1"},
				"south": {"uv": [3, 0, 12.95, 7], "texture": "#1"},
				"west": {"uv": [2, 0, 3, 7], "texture": "#1"},
				"up": {"uv": [1, 3, 2, 12.95], "rotation": 270, "texture": "#0"},
				"down": {"uv": [1, 3, 2, 12.95], "rotation": 90, "texture": "#0"}
			}
		},
		{
			"from": [4.89817, 8.75, 1.52536],
			"to": [5.23817, 10.75, 4.82536],
			"rotation": {"angle": -22.5, "axis": "y", "origin": [3.745, 6.25, 2.75478]},
			"faces": {
				"north": {"uv": [2, 0, 3, 7], "texture": "#1"},
				"east": {"uv": [3, 0, 12.95, 7], "texture": "#1"},
				"south": {"uv": [12, 0, 13, 7], "texture": "#1"},
				"west": {"uv": [3, 0, 12.95, 7], "texture": "#1"},
				"up": {"uv": [1, 3, 2, 12.95], "texture": "#0"},
				"down": {"uv": [1, 3, 2, 12.95], "texture": "#0"}
			}
		},
		{
			"from": [0.89817, 10.5, 1.17536],
			"to": [4.89817, 12.5, 5.17536],
			"rotation": {"angle": -22.5, "axis": "y", "origin": [3.745, 6.25, 2.75478]},
			"faces": {
				"north": {"uv": [3, 0, 13, 7], "texture": "#1"},
				"east": {"uv": [3, 0, 13, 7], "texture": "#1"},
				"south": {"uv": [3, 0, 13, 7], "texture": "#1"},
				"west": {"uv": [3, 0, 13, 7], "texture": "#1"},
				"up": {"uv": [2, 2, 14, 14], "texture": "#0"},
				"down": {"uv": [2, 2, 14, 14], "texture": "#0"}
			}
		},
		{
			"from": [0.54817, 10.5, 1.52536],
			"to": [0.88817, 12.5, 4.82536],
			"rotation": {"angle": -22.5, "axis": "y", "origin": [3.745, 6.25, 2.75478]},
			"faces": {
				"north": {"uv": [2, 0, 3, 7], "texture": "#1"},
				"east": {"uv": [2, 0, 13.95, 8], "texture": "#1"},
				"south": {"uv": [12, 0, 13, 7], "texture": "#1"},
				"west": {"uv": [3, 0, 12.95, 7], "texture": "#1"},
				"up": {"uv": [1, 3, 2, 12.95], "texture": "#0"},
				"down": {"uv": [1, 3, 2, 12.95], "texture": "#0"}
			}
		},
		{
			"from": [1.26817, 10.5, 5.18036],
			"to": [4.56817, 12.5, 5.52036],
			"rotation": {"angle": -22.5, "axis": "y", "origin": [3.745, 6.25, 2.75478]},
			"faces": {
				"north": {"uv": [2, 0, 13.95, 8], "texture": "#1"},
				"east": {"uv": [12, 0, 13, 7], "texture": "#1"},
				"south": {"uv": [3, 0, 12.95, 7], "texture": "#1"},
				"west": {"uv": [2, 0, 3, 7], "texture": "#1"},
				"up": {"uv": [1, 3, 2, 12.95], "rotation": 270, "texture": "#0"},
				"down": {"uv": [1, 3, 2, 12.95], "rotation": 90, "texture": "#0"}
			}
		},
		{
			"from": [1.24317, 10.5, 0.83036],
			"to": [4.54317, 12.5, 1.17036],
			"rotation": {"angle": -22.5, "axis": "y", "origin": [3.745, 6.25, 2.75478]},
			"faces": {
				"north": {"uv": [2, 0, 13.95, 7], "texture": "#1"},
				"east": {"uv": [12, 0, 13, 7], "texture": "#1"},
				"south": {"uv": [3, 0, 12.95, 7], "texture": "#1"},
				"west": {"uv": [2, 0, 3, 7], "texture": "#1"},
				"up": {"uv": [1, 3, 2, 12.95], "rotation": 270, "texture": "#0"},
				"down": {"uv": [1, 3, 2, 12.95], "rotation": 90, "texture": "#0"}
			}
		},
		{
			"from": [4.89817, 10.5, 1.52536],
			"to": [5.23817, 12.5, 4.82536],
			"rotation": {"angle": -22.5, "axis": "y", "origin": [3.745, 6.25, 2.75478]},
			"faces": {
				"north": {"uv": [2, 0, 3, 7], "texture": "#1"},
				"east": {"uv": [3, 0, 12.95, 7], "texture": "#1"},
				"south": {"uv": [12, 0, 13, 7], "texture": "#1"},
				"west": {"uv": [3, 0, 12.95, 7], "texture": "#1"},
				"up": {"uv": [1, 3, 2, 12.95], "texture": "#0"},
				"down": {"uv": [1, 3, 2, 12.95], "texture": "#0"}
			}
		},
		{
			"from": [0.89817, 7, 1.17536],
			"to": [4.89817, 9, 5.17536],
			"rotation": {"angle": -22.5, "axis": "y", "origin": [3.745, 6.25, 2.75478]},
			"faces": {
				"north": {"uv": [3, 0, 13, 7], "texture": "#1"},
				"east": {"uv": [3, 0, 13, 7], "texture": "#1"},
				"south": {"uv": [3, 0, 13, 7], "texture": "#1"},
				"west": {"uv": [3, 0, 13, 7], "texture": "#1"},
				"up": {"uv": [2, 2, 14, 14], "texture": "#0"},
				"down": {"uv": [2, 2, 14, 14], "texture": "#0"}
			}
		},
		{
			"from": [0.54817, 7, 1.52536],
			"to": [0.88817, 9, 4.82536],
			"rotation": {"angle": -22.5, "axis": "y", "origin": [3.745, 6.25, 2.75478]},
			"faces": {
				"north": {"uv": [2, 0, 3, 7], "texture": "#1"},
				"east": {"uv": [2, 0, 13.95, 8], "texture": "#1"},
				"south": {"uv": [12, 0, 13, 7], "texture": "#1"},
				"west": {"uv": [3, 0, 12.95, 7], "texture": "#1"},
				"up": {"uv": [1, 3, 2, 12.95], "texture": "#0"},
				"down": {"uv": [1, 3, 2, 12.95], "texture": "#0"}
			}
		},
		{
			"from": [1.26817, 7, 5.18036],
			"to": [4.56817, 9, 5.52036],
			"rotation": {"angle": -22.5, "axis": "y", "origin": [3.745, 6.25, 2.75478]},
			"faces": {
				"north": {"uv": [2, 0, 13.95, 8], "texture": "#1"},
				"east": {"uv": [12, 0, 13, 7], "texture": "#1"},
				"south": {"uv": [3, 0, 12.95, 7], "texture": "#1"},
				"west": {"uv": [2, 0, 3, 7], "texture": "#1"},
				"up": {"uv": [1, 3, 2, 12.95], "rotation": 270, "texture": "#0"},
				"down": {"uv": [1, 3, 2, 12.95], "rotation": 90, "texture": "#0"}
			}
		},
		{
			"from": [1.24317, 7, 0.83036],
			"to": [4.54317, 9, 1.17036],
			"rotation": {"angle": -22.5, "axis": "y", "origin": [3.745, 6.25, 2.75478]},
			"faces": {
				"north": {"uv": [2, 0, 13.95, 7], "texture": "#1"},
				"east": {"uv": [12, 0, 13, 7], "texture": "#1"},
				"south": {"uv": [3, 0, 12.95, 7], "texture": "#1"},
				"west": {"uv": [2, 0, 3, 7], "texture": "#1"},
				"up": {"uv": [1, 3, 2, 12.95], "rotation": 270, "texture": "#0"},
				"down": {"uv": [1, 3, 2, 12.95], "rotation": 90, "texture": "#0"}
			}
		},
		{
			"from": [4.89817, 7, 1.52536],
			"to": [5.23817, 9, 4.82536],
			"rotation": {"angle": -22.5, "axis": "y", "origin": [3.745, 6.25, 2.75478]},
			"faces": {
				"north": {"uv": [2, 0, 3, 7], "texture": "#1"},
				"east": {"uv": [3, 0, 12.95, 7], "texture": "#1"},
				"south": {"uv": [12, 0, 13, 7], "texture": "#1"},
				"west": {"uv": [3, 0, 12.95, 7], "texture": "#1"},
				"up": {"uv": [1, 3, 2, 12.95], "texture": "#0"},
				"down": {"uv": [1, 3, 2, 12.95], "texture": "#0"}
			}
		},
		{
			"from": [6.245, 1.75, 0.505],
			"to": [10.245, 3.75, 4.505],
			"rotation": {"angle": 0, "axis": "y", "origin": [10.995, 3.625, 2.5]},
			"faces": {
				"north": {"uv": [3, 0, 13, 7], "texture": "#1"},
				"east": {"uv": [3, 0, 13, 7], "texture": "#1"},
				"south": {"uv": [3, 0, 13, 7], "texture": "#1"},
				"west": {"uv": [3, 0, 13, 7], "texture": "#1"},
				"up": {"uv": [2, 2, 14, 14], "rotation": 90, "texture": "#0"},
				"down": {"uv": [2, 2, 14, 14], "rotation": 270, "texture": "#0"}
			}
		},
		{
			"from": [6.595, 1.75, 0.155],
			"to": [9.895, 3.75, 0.495],
			"rotation": {"angle": 0, "axis": "y", "origin": [10.995, 3.625, 2.5]},
			"faces": {
				"north": {"uv": [3, 0, 12.95, 7], "texture": "#1"},
				"east": {"uv": [2, 0, 3, 7], "texture": "#1"},
				"south": {"uv": [2, 0, 13.95, 8], "texture": "#1"},
				"west": {"uv": [12, 0, 13, 7], "texture": "#1"},
				"up": {"uv": [1, 3, 2, 12.95], "rotation": 90, "texture": "#0"},
				"down": {"uv": [1, 3, 2, 12.95], "rotation": 270, "texture": "#0"}
			}
		},
		{
			"from": [5.9, 1.75, 0.875],
			"to": [6.24, 3.75, 4.175],
			"rotation": {"angle": 0, "axis": "y", "origin": [10.995, 3.625, 2.5]},
			"faces": {
				"north": {"uv": [2, 0, 3, 7], "texture": "#1"},
				"east": {"uv": [2, 0, 13.95, 8], "texture": "#1"},
				"south": {"uv": [12, 0, 13, 7], "texture": "#1"},
				"west": {"uv": [3, 0, 12.95, 7], "texture": "#1"},
				"up": {"uv": [1, 3, 2, 12.95], "texture": "#0"},
				"down": {"uv": [1, 3, 2, 12.95], "texture": "#0"}
			}
		},
		{
			"from": [10.25, 1.75, 0.85],
			"to": [10.59, 3.75, 4.15],
			"rotation": {"angle": 0, "axis": "y", "origin": [10.995, 3.625, 2.5]},
			"faces": {
				"north": {"uv": [2, 0, 3, 7], "texture": "#1"},
				"east": {"uv": [2, 0, 13.95, 7], "texture": "#1"},
				"south": {"uv": [12, 0, 13, 7], "texture": "#1"},
				"west": {"uv": [3, 0, 12.95, 7], "texture": "#1"},
				"up": {"uv": [1, 3, 2, 12.95], "texture": "#0"},
				"down": {"uv": [1, 3, 2, 12.95], "texture": "#0"}
			}
		},
		{
			"from": [6.595, 1.75, 4.505],
			"to": [9.895, 3.75, 4.845],
			"rotation": {"angle": 0, "axis": "y", "origin": [10.995, 3.625, 2.5]},
			"faces": {
				"north": {"uv": [3, 0, 12.95, 7], "texture": "#1"},
				"east": {"uv": [2, 0, 3, 7], "texture": "#1"},
				"south": {"uv": [3, 0, 12.95, 7], "texture": "#1"},
				"west": {"uv": [12, 0, 13, 7], "texture": "#1"},
				"up": {"uv": [1, 3, 2, 12.95], "rotation": 90, "texture": "#0"},
				"down": {"uv": [1, 3, 2, 12.95], "rotation": 270, "texture": "#0"}
			}
		},
		{
			"from": [6.595, 5.25, 4.505],
			"to": [9.895, 7.25, 4.845],
			"rotation": {"angle": 0, "axis": "y", "origin": [10.995, 3.625, 2.5]},
			"faces": {
				"north": {"uv": [3, 0, 12.95, 7], "texture": "#1"},
				"east": {"uv": [2, 0, 3, 7], "texture": "#1"},
				"south": {"uv": [3, 0, 12.95, 7], "texture": "#1"},
				"west": {"uv": [12, 0, 13, 7], "texture": "#1"},
				"up": {"uv": [1, 3, 2, 12.95], "rotation": 90, "texture": "#0"},
				"down": {"uv": [1, 3, 2, 12.95], "rotation": 270, "texture": "#0"}
			}
		},
		{
			"from": [6.245, 5.25, 0.505],
			"to": [10.245, 7.25, 4.505],
			"rotation": {"angle": 0, "axis": "y", "origin": [10.995, 3.625, 2.5]},
			"faces": {
				"north": {"uv": [3, 0, 13, 7], "texture": "#1"},
				"east": {"uv": [3, 0, 13, 7], "texture": "#1"},
				"south": {"uv": [3, 0, 13, 7], "texture": "#1"},
				"west": {"uv": [3, 0, 13, 7], "texture": "#1"},
				"up": {"uv": [2, 2, 14, 14], "rotation": 90, "texture": "#0"},
				"down": {"uv": [2, 2, 14, 14], "rotation": 270, "texture": "#0"}
			}
		},
		{
			"from": [6.595, 5.25, 0.155],
			"to": [9.895, 7.25, 0.495],
			"rotation": {"angle": 0, "axis": "y", "origin": [10.995, 3.625, 2.5]},
			"faces": {
				"north": {"uv": [3, 0, 12.95, 7], "texture": "#1"},
				"east": {"uv": [2, 0, 3, 7], "texture": "#1"},
				"south": {"uv": [2, 0, 13.95, 8], "texture": "#1"},
				"west": {"uv": [12, 0, 13, 7], "texture": "#1"},
				"up": {"uv": [1, 3, 2, 12.95], "rotation": 90, "texture": "#0"},
				"down": {"uv": [1, 3, 2, 12.95], "rotation": 270, "texture": "#0"}
			}
		},
		{
			"from": [5.9, 5.25, 0.875],
			"to": [6.24, 7.25, 4.175],
			"rotation": {"angle": 0, "axis": "y", "origin": [10.995, 3.625, 2.5]},
			"faces": {
				"north": {"uv": [2, 0, 3, 7], "texture": "#1"},
				"east": {"uv": [2, 0, 13.95, 8], "texture": "#1"},
				"south": {"uv": [12, 0, 13, 7], "texture": "#1"},
				"west": {"uv": [3, 0, 12.95, 7], "texture": "#1"},
				"up": {"uv": [1, 3, 2, 12.95], "texture": "#0"},
				"down": {"uv": [1, 3, 2, 12.95], "texture": "#0"}
			}
		},
		{
			"from": [10.25, 5.25, 0.85],
			"to": [10.59, 7.25, 4.15],
			"rotation": {"angle": 0, "axis": "y", "origin": [10.995, 3.625, 2.5]},
			"faces": {
				"north": {"uv": [2, 0, 3, 7], "texture": "#1"},
				"east": {"uv": [2, 0, 13.95, 7], "texture": "#1"},
				"south": {"uv": [12, 0, 13, 7], "texture": "#1"},
				"west": {"uv": [3, 0, 12.95, 7], "texture": "#1"},
				"up": {"uv": [1, 3, 2, 12.95], "texture": "#0"},
				"down": {"uv": [1, 3, 2, 12.95], "texture": "#0"}
			}
		},
		{
			"from": [6.595, 3.5, 4.505],
			"to": [9.895, 5.5, 4.845],
			"rotation": {"angle": 0, "axis": "y", "origin": [10.995, 3.625, 2.5]},
			"faces": {
				"north": {"uv": [3, 0, 12.95, 7], "texture": "#1"},
				"east": {"uv": [2, 0, 3, 7], "texture": "#1"},
				"south": {"uv": [3, 0, 12.95, 7], "texture": "#1"},
				"west": {"uv": [12, 0, 13, 7], "texture": "#1"},
				"up": {"uv": [1, 3, 2, 12.95], "rotation": 90, "texture": "#0"},
				"down": {"uv": [1, 3, 2, 12.95], "rotation": 270, "texture": "#0"}
			}
		},
		{
			"from": [10.25, 3.5, 0.85],
			"to": [10.59, 5.5, 4.15],
			"rotation": {"angle": 0, "axis": "y", "origin": [10.995, 3.625, 2.5]},
			"faces": {
				"north": {"uv": [2, 0, 3, 7], "texture": "#1"},
				"east": {"uv": [2, 0, 13.95, 7], "texture": "#1"},
				"south": {"uv": [12, 0, 13, 7], "texture": "#1"},
				"west": {"uv": [3, 0, 12.95, 7], "texture": "#1"},
				"up": {"uv": [1, 3, 2, 12.95], "texture": "#0"},
				"down": {"uv": [1, 3, 2, 12.95], "texture": "#0"}
			}
		},
		{
			"from": [5.9, 3.5, 0.875],
			"to": [6.24, 5.5, 4.175],
			"rotation": {"angle": 0, "axis": "y", "origin": [10.995, 3.625, 2.5]},
			"faces": {
				"north": {"uv": [2, 0, 3, 7], "texture": "#1"},
				"east": {"uv": [2, 0, 13.95, 8], "texture": "#1"},
				"south": {"uv": [12, 0, 13, 7], "texture": "#1"},
				"west": {"uv": [3, 0, 12.95, 7], "texture": "#1"},
				"up": {"uv": [1, 3, 2, 12.95], "texture": "#0"},
				"down": {"uv": [1, 3, 2, 12.95], "texture": "#0"}
			}
		},
		{
			"from": [6.595, 3.5, 0.155],
			"to": [9.895, 5.5, 0.495],
			"rotation": {"angle": 0, "axis": "y", "origin": [10.995, 3.625, 2.5]},
			"faces": {
				"north": {"uv": [3, 0, 12.95, 7], "texture": "#1"},
				"east": {"uv": [2, 0, 3, 7], "texture": "#1"},
				"south": {"uv": [2, 0, 13.95, 8], "texture": "#1"},
				"west": {"uv": [12, 0, 13, 7], "texture": "#1"},
				"up": {"uv": [1, 3, 2, 12.95], "rotation": 90, "texture": "#0"},
				"down": {"uv": [1, 3, 2, 12.95], "rotation": 270, "texture": "#0"}
			}
		},
		{
			"from": [6.245, 3.5, 0.505],
			"to": [10.245, 5.5, 4.505],
			"rotation": {"angle": 0, "axis": "y", "origin": [10.995, 3.625, 2.5]},
			"faces": {
				"north": {"uv": [3, 0, 13, 7], "texture": "#1"},
				"east": {"uv": [3, 0, 13, 7], "texture": "#1"},
				"south": {"uv": [3, 0, 13, 7], "texture": "#1"},
				"west": {"uv": [3, 0, 13, 7], "texture": "#1"},
				"up": {"uv": [2, 2, 14, 14], "rotation": 90, "texture": "#0"},
				"down": {"uv": [2, 2, 14, 14], "rotation": 270, "texture": "#0"}
			}
		},
		{
			"from": [6.245, 0, 0.505],
			"to": [10.245, 2, 4.505],
			"rotation": {"angle": 0, "axis": "y", "origin": [10.995, 3.625, 2.5]},
			"faces": {
				"north": {"uv": [3, 0, 13, 7], "texture": "#1"},
				"east": {"uv": [3, 0, 13, 7], "texture": "#1"},
				"south": {"uv": [3, 0, 13, 7], "texture": "#1"},
				"west": {"uv": [3, 0, 13, 7], "texture": "#1"},
				"up": {"uv": [2, 2, 14, 14], "rotation": 90, "texture": "#0"},
				"down": {"uv": [2, 2, 14, 14], "rotation": 270, "texture": "#0"}
			}
		},
		{
			"from": [6.595, 0, 0.155],
			"to": [9.895, 2, 0.495],
			"rotation": {"angle": 0, "axis": "y", "origin": [10.995, 3.625, 2.5]},
			"faces": {
				"north": {"uv": [3, 0, 12.95, 7], "texture": "#1"},
				"east": {"uv": [2, 0, 3, 7], "texture": "#1"},
				"south": {"uv": [2, 0, 13.95, 8], "texture": "#1"},
				"west": {"uv": [12, 0, 13, 7], "texture": "#1"},
				"up": {"uv": [1, 3, 2, 12.95], "rotation": 90, "texture": "#0"},
				"down": {"uv": [1, 3, 2, 12.95], "rotation": 270, "texture": "#0"}
			}
		},
		{
			"from": [5.9, 0, 0.875],
			"to": [6.24, 2, 4.175],
			"rotation": {"angle": 0, "axis": "y", "origin": [10.995, 3.625, 2.5]},
			"faces": {
				"north": {"uv": [2, 0, 3, 7], "texture": "#1"},
				"east": {"uv": [2, 0, 13.95, 8], "texture": "#1"},
				"south": {"uv": [12, 0, 13, 7], "texture": "#1"},
				"west": {"uv": [3, 0, 12.95, 7], "texture": "#1"},
				"up": {"uv": [1, 3, 2, 12.95], "texture": "#0"},
				"down": {"uv": [1, 3, 2, 12.95], "texture": "#0"}
			}
		},
		{
			"from": [10.25, 0, 0.85],
			"to": [10.59, 2, 4.15],
			"rotation": {"angle": 0, "axis": "y", "origin": [10.995, 3.625, 2.5]},
			"faces": {
				"north": {"uv": [2, 0, 3, 7], "texture": "#1"},
				"east": {"uv": [2, 0, 13.95, 7], "texture": "#1"},
				"south": {"uv": [12, 0, 13, 7], "texture": "#1"},
				"west": {"uv": [3, 0, 12.95, 7], "texture": "#1"},
				"up": {"uv": [1, 3, 2, 12.95], "texture": "#0"},
				"down": {"uv": [1, 3, 2, 12.95], "texture": "#0"}
			}
		},
		{
			"from": [6.595, 0, 4.505],
			"to": [9.895, 2, 4.845],
			"rotation": {"angle": 0, "axis": "y", "origin": [10.995, 3.625, 2.5]},
			"faces": {
				"north": {"uv": [3, 0, 12.95, 7], "texture": "#1"},
				"east": {"uv": [2, 0, 3, 7], "texture": "#1"},
				"south": {"uv": [3, 0, 12.95, 7], "texture": "#1"},
				"west": {"uv": [12, 0, 13, 7], "texture": "#1"},
				"up": {"uv": [1, 3, 2, 12.95], "rotation": 90, "texture": "#0"},
				"down": {"uv": [1, 3, 2, 12.95], "rotation": 270, "texture": "#0"}
			}
		},
		{
			"from": [5.325, 0, 5.75],
			"to": [9.325, 2, 9.75],
			"faces": {
				"north": {"uv": [3, 0, 13, 7], "texture": "#1"},
				"east": {"uv": [3, 0, 13, 7], "texture": "#1"},
				"south": {"uv": [3, 0, 13, 7], "texture": "#1"},
				"west": {"uv": [3, 0, 13, 7], "texture": "#1"},
				"up": {"uv": [2, 2, 14, 14], "texture": "#0"},
				"down": {"uv": [2, 2, 14, 14], "texture": "#0"}
			}
		},
		{
			"from": [4.975, 0, 6.1],
			"to": [5.315, 2, 9.4],
			"faces": {
				"north": {"uv": [2, 0, 3, 7], "texture": "#1"},
				"east": {"uv": [2, 0, 13.95, 8], "texture": "#1"},
				"south": {"uv": [12, 0, 13, 7], "texture": "#1"},
				"west": {"uv": [3, 0, 12.95, 7], "texture": "#1"},
				"up": {"uv": [1, 3, 2, 12.95], "texture": "#0"},
				"down": {"uv": [1, 3, 2, 12.95], "texture": "#0"}
			}
		},
		{
			"from": [5.695, 0, 9.755],
			"to": [8.995, 2, 10.095],
			"rotation": {"angle": 0, "axis": "y", "origin": [1.82, 1, 5]},
			"faces": {
				"north": {"uv": [2, 0, 13.95, 8], "texture": "#1"},
				"east": {"uv": [12, 0, 13, 7], "texture": "#1"},
				"south": {"uv": [3, 0, 12.95, 7], "texture": "#1"},
				"west": {"uv": [2, 0, 3, 7], "texture": "#1"},
				"up": {"uv": [1, 3, 2, 12.95], "rotation": 270, "texture": "#0"},
				"down": {"uv": [1, 3, 2, 12.95], "rotation": 90, "texture": "#0"}
			}
		},
		{
			"from": [5.67, 0, 5.405],
			"to": [8.97, 2, 5.745],
			"rotation": {"angle": 0, "axis": "y", "origin": [1.82, 1, 5]},
			"faces": {
				"north": {"uv": [2, 0, 13.95, 7], "texture": "#1"},
				"east": {"uv": [12, 0, 13, 7], "texture": "#1"},
				"south": {"uv": [3, 0, 12.95, 7], "texture": "#1"},
				"west": {"uv": [2, 0, 3, 7], "texture": "#1"},
				"up": {"uv": [1, 3, 2, 12.95], "rotation": 270, "texture": "#0"},
				"down": {"uv": [1, 3, 2, 12.95], "rotation": 90, "texture": "#0"}
			}
		},
		{
			"from": [9.325, 0, 6.1],
			"to": [9.665, 2, 9.4],
			"faces": {
				"north": {"uv": [2, 0, 3, 7], "texture": "#1"},
				"east": {"uv": [3, 0, 12.95, 7], "texture": "#1"},
				"south": {"uv": [12, 0, 13, 7], "texture": "#1"},
				"west": {"uv": [3, 0, 12.95, 7], "texture": "#1"},
				"up": {"uv": [1, 3, 2, 12.95], "texture": "#0"},
				"down": {"uv": [1, 3, 2, 12.95], "texture": "#0"}
			}
		},
		{
			"from": [5.325, 3.5, 5.75],
			"to": [9.325, 5.5, 9.75],
			"faces": {
				"north": {"uv": [3, 0, 13, 7], "texture": "#1"},
				"east": {"uv": [3, 0, 13, 7], "texture": "#1"},
				"south": {"uv": [3, 0, 13, 7], "texture": "#1"},
				"west": {"uv": [3, 0, 13, 7], "texture": "#1"},
				"up": {"uv": [2, 2, 14, 14], "texture": "#0"},
				"down": {"uv": [2, 2, 14, 14], "texture": "#0"}
			}
		},
		{
			"from": [4.975, 3.5, 6.1],
			"to": [5.315, 5.5, 9.4],
			"faces": {
				"north": {"uv": [2, 0, 3, 7], "texture": "#1"},
				"east": {"uv": [2, 0, 13.95, 8], "texture": "#1"},
				"south": {"uv": [12, 0, 13, 7], "texture": "#1"},
				"west": {"uv": [3, 0, 12.95, 7], "texture": "#1"},
				"up": {"uv": [1, 3, 2, 12.95], "texture": "#0"},
				"down": {"uv": [1, 3, 2, 12.95], "texture": "#0"}
			}
		},
		{
			"from": [5.695, 3.5, 9.755],
			"to": [8.995, 5.5, 10.095],
			"rotation": {"angle": 0, "axis": "y", "origin": [1.82, 1, 5]},
			"faces": {
				"north": {"uv": [2, 0, 13.95, 8], "texture": "#1"},
				"east": {"uv": [12, 0, 13, 7], "texture": "#1"},
				"south": {"uv": [3, 0, 12.95, 7], "texture": "#1"},
				"west": {"uv": [2, 0, 3, 7], "texture": "#1"},
				"up": {"uv": [1, 3, 2, 12.95], "rotation": 270, "texture": "#0"},
				"down": {"uv": [1, 3, 2, 12.95], "rotation": 90, "texture": "#0"}
			}
		},
		{
			"from": [5.67, 3.5, 5.405],
			"to": [8.97, 5.5, 5.745],
			"rotation": {"angle": 0, "axis": "y", "origin": [1.82, 1, 5]},
			"faces": {
				"north": {"uv": [2, 0, 13.95, 7], "texture": "#1"},
				"east": {"uv": [12, 0, 13, 7], "texture": "#1"},
				"south": {"uv": [3, 0, 12.95, 7], "texture": "#1"},
				"west": {"uv": [2, 0, 3, 7], "texture": "#1"},
				"up": {"uv": [1, 3, 2, 12.95], "rotation": 270, "texture": "#0"},
				"down": {"uv": [1, 3, 2, 12.95], "rotation": 90, "texture": "#0"}
			}
		},
		{
			"from": [9.325, 3.5, 6.1],
			"to": [9.665, 5.5, 9.4],
			"faces": {
				"north": {"uv": [2, 0, 3, 7], "texture": "#1"},
				"east": {"uv": [3, 0, 12.95, 7], "texture": "#1"},
				"south": {"uv": [12, 0, 13, 7], "texture": "#1"},
				"west": {"uv": [3, 0, 12.95, 7], "texture": "#1"},
				"up": {"uv": [1, 3, 2, 12.95], "texture": "#0"},
				"down": {"uv": [1, 3, 2, 12.95], "texture": "#0"}
			}
		},
		{
			"from": [5.325, 1.75, 5.75],
			"to": [9.325, 3.75, 9.75],
			"faces": {
				"north": {"uv": [3, 0, 13, 7], "texture": "#1"},
				"east": {"uv": [3, 0, 13, 7], "texture": "#1"},
				"south": {"uv": [3, 0, 13, 7], "texture": "#1"},
				"west": {"uv": [3, 0, 13, 7], "texture": "#1"},
				"up": {"uv": [2, 2, 14, 14], "texture": "#0"},
				"down": {"uv": [2, 2, 14, 14], "texture": "#0"}
			}
		},
		{
			"from": [4.975, 1.75, 6.1],
			"to": [5.315, 3.75, 9.4],
			"faces": {
				"north": {"uv": [2, 0, 3, 7], "texture": "#1"},
				"east": {"uv": [2, 0, 13.95, 8], "texture": "#1"},
				"south": {"uv": [12, 0, 13, 7], "texture": "#1"},
				"west": {"uv": [3, 0, 12.95, 7], "texture": "#1"},
				"up": {"uv": [1, 3, 2, 12.95], "texture": "#0"},
				"down": {"uv": [1, 3, 2, 12.95], "texture": "#0"}
			}
		},
		{
			"from": [5.695, 1.75, 9.755],
			"to": [8.995, 3.75, 10.095],
			"rotation": {"angle": 0, "axis": "y", "origin": [1.82, 1, 5]},
			"faces": {
				"north": {"uv": [2, 0, 13.95, 8], "texture": "#1"},
				"east": {"uv": [12, 0, 13, 7], "texture": "#1"},
				"south": {"uv": [3, 0, 12.95, 7], "texture": "#1"},
				"west": {"uv": [2, 0, 3, 7], "texture": "#1"},
				"up": {"uv": [1, 3, 2, 12.95], "rotation": 270, "texture": "#0"},
				"down": {"uv": [1, 3, 2, 12.95], "rotation": 90, "texture": "#0"}
			}
		},
		{
			"from": [5.67, 1.75, 5.405],
			"to": [8.97, 3.75, 5.745],
			"rotation": {"angle": 0, "axis": "y", "origin": [1.82, 1, 5]},
			"faces": {
				"north": {"uv": [2, 0, 13.95, 7], "texture": "#1"},
				"east": {"uv": [12, 0, 13, 7], "texture": "#1"},
				"south": {"uv": [3, 0, 12.95, 7], "texture": "#1"},
				"west": {"uv": [2, 0, 3, 7], "texture": "#1"},
				"up": {"uv": [1, 3, 2, 12.95], "rotation": 270, "texture": "#0"},
				"down": {"uv": [1, 3, 2, 12.95], "rotation": 90, "texture": "#0"}
			}
		},
		{
			"from": [9.325, 1.75, 6.1],
			"to": [9.665, 3.75, 9.4],
			"faces": {
				"north": {"uv": [2, 0, 3, 7], "texture": "#1"},
				"east": {"uv": [3, 0, 12.95, 7], "texture": "#1"},
				"south": {"uv": [12, 0, 13, 7], "texture": "#1"},
				"west": {"uv": [3, 0, 12.95, 7], "texture": "#1"},
				"up": {"uv": [1, 3, 2, 12.95], "texture": "#0"},
				"down": {"uv": [1, 3, 2, 12.95], "texture": "#0"}
			}
		},
		{
			"from": [12.25, 0, 5.75],
			"to": [16.25, 2, 9.75],
			"rotation": {"angle": 22.5, "axis": "y", "origin": [13.495, 4.5, 12]},
			"faces": {
				"north": {"uv": [3, 0, 13, 7], "texture": "#1"},
				"east": {"uv": [3, 0, 13, 7], "texture": "#1"},
				"south": {"uv": [3, 0, 13, 7], "texture": "#1"},
				"west": {"uv": [3, 0, 13, 7], "texture": "#1"},
				"up": {"uv": [2, 2, 14, 14], "texture": "#0"},
				"down": {"uv": [2, 2, 14, 14], "texture": "#0"}
			}
		},
		{
			"from": [11.9, 0, 6.1],
			"to": [12.24, 2, 9.4],
			"rotation": {"angle": 22.5, "axis": "y", "origin": [13.495, 4.5, 12]},
			"faces": {
				"north": {"uv": [2, 0, 3, 7], "texture": "#1"},
				"east": {"uv": [2, 0, 13.95, 8], "texture": "#1"},
				"south": {"uv": [12, 0, 13, 7], "texture": "#1"},
				"west": {"uv": [3, 0, 12.95, 7], "texture": "#1"},
				"up": {"uv": [1, 3, 2, 12.95], "texture": "#0"},
				"down": {"uv": [1, 3, 2, 12.95], "texture": "#0"}
			}
		},
		{
			"from": [12.62, 0, 9.755],
			"to": [15.92, 2, 10.095],
			"rotation": {"angle": 22.5, "axis": "y", "origin": [13.495, 4.5, 12]},
			"faces": {
				"north": {"uv": [2, 0, 13.95, 8], "texture": "#1"},
				"east": {"uv": [12, 0, 13, 7], "texture": "#1"},
				"south": {"uv": [3, 0, 12.95, 7], "texture": "#1"},
				"west": {"uv": [2, 0, 3, 7], "texture": "#1"},
				"up": {"uv": [1, 3, 2, 12.95], "rotation": 270, "texture": "#0"},
				"down": {"uv": [1, 3, 2, 12.95], "rotation": 90, "texture": "#0"}
			}
		},
		{
			"from": [12.595, 0, 5.405],
			"to": [15.895, 2, 5.745],
			"rotation": {"angle": 22.5, "axis": "y", "origin": [13.495, 4.5, 12]},
			"faces": {
				"north": {"uv": [2, 0, 13.95, 7], "texture": "#1"},
				"east": {"uv": [12, 0, 13, 7], "texture": "#1"},
				"south": {"uv": [3, 0, 12.95, 7], "texture": "#1"},
				"west": {"uv": [2, 0, 3, 7], "texture": "#1"},
				"up": {"uv": [1, 3, 2, 12.95], "rotation": 270, "texture": "#0"},
				"down": {"uv": [1, 3, 2, 12.95], "rotation": 90, "texture": "#0"}
			}
		},
		{
			"from": [16.25, 0, 6.1],
			"to": [16.59, 2, 9.4],
			"rotation": {"angle": 22.5, "axis": "y", "origin": [13.495, 4.5, 12]},
			"faces": {
				"north": {"uv": [2, 0, 3, 7], "texture": "#1"},
				"east": {"uv": [3, 0, 12.95, 7], "texture": "#1"},
				"south": {"uv": [12, 0, 13, 7], "texture": "#1"},
				"west": {"uv": [3, 0, 12.95, 7], "texture": "#1"},
				"up": {"uv": [1, 3, 2, 12.95], "texture": "#0"},
				"down": {"uv": [1, 3, 2, 12.95], "texture": "#0"}
			}
		},
		{
			"from": [12.25, 1.75, 5.75],
			"to": [16.25, 3.75, 9.75],
			"rotation": {"angle": 22.5, "axis": "y", "origin": [13.495, 4.5, 12]},
			"faces": {
				"north": {"uv": [3, 0, 13, 7], "texture": "#1"},
				"east": {"uv": [3, 0, 13, 7], "texture": "#1"},
				"south": {"uv": [3, 0, 13, 7], "texture": "#1"},
				"west": {"uv": [3, 0, 13, 7], "texture": "#1"},
				"up": {"uv": [2, 2, 14, 14], "texture": "#0"},
				"down": {"uv": [2, 2, 14, 14], "texture": "#0"}
			}
		},
		{
			"from": [11.9, 1.75, 6.1],
			"to": [12.24, 3.75, 9.4],
			"rotation": {"angle": 22.5, "axis": "y", "origin": [13.495, 4.5, 12]},
			"faces": {
				"north": {"uv": [2, 0, 3, 7], "texture": "#1"},
				"east": {"uv": [2, 0, 13.95, 8], "texture": "#1"},
				"south": {"uv": [12, 0, 13, 7], "texture": "#1"},
				"west": {"uv": [3, 0, 12.95, 7], "texture": "#1"},
				"up": {"uv": [1, 3, 2, 12.95], "texture": "#0"},
				"down": {"uv": [1, 3, 2, 12.95], "texture": "#0"}
			}
		},
		{
			"from": [12.62, 1.75, 9.755],
			"to": [15.92, 3.75, 10.095],
			"rotation": {"angle": 22.5, "axis": "y", "origin": [13.495, 4.5, 12]},
			"faces": {
				"north": {"uv": [2, 0, 13.95, 8], "texture": "#1"},
				"east": {"uv": [12, 0, 13, 7], "texture": "#1"},
				"south": {"uv": [3, 0, 12.95, 7], "texture": "#1"},
				"west": {"uv": [2, 0, 3, 7], "texture": "#1"},
				"up": {"uv": [1, 3, 2, 12.95], "rotation": 270, "texture": "#0"},
				"down": {"uv": [1, 3, 2, 12.95], "rotation": 90, "texture": "#0"}
			}
		},
		{
			"from": [12.595, 1.75, 5.405],
			"to": [15.895, 3.75, 5.745],
			"rotation": {"angle": 22.5, "axis": "y", "origin": [13.495, 4.5, 12]},
			"faces": {
				"north": {"uv": [2, 0, 13.95, 7], "texture": "#1"},
				"east": {"uv": [12, 0, 13, 7], "texture": "#1"},
				"south": {"uv": [3, 0, 12.95, 7], "texture": "#1"},
				"west": {"uv": [2, 0, 3, 7], "texture": "#1"},
				"up": {"uv": [1, 3, 2, 12.95], "rotation": 270, "texture": "#0"},
				"down": {"uv": [1, 3, 2, 12.95], "rotation": 90, "texture": "#0"}
			}
		},
		{
			"from": [16.25, 1.75, 6.1],
			"to": [16.59, 3.75, 9.4],
			"rotation": {"angle": 22.5, "axis": "y", "origin": [13.495, 4.5, 12]},
			"faces": {
				"north": {"uv": [2, 0, 3, 7], "texture": "#1"},
				"east": {"uv": [3, 0, 12.95, 7], "texture": "#1"},
				"south": {"uv": [12, 0, 13, 7], "texture": "#1"},
				"west": {"uv": [3, 0, 12.95, 7], "texture": "#1"},
				"up": {"uv": [1, 3, 2, 12.95], "texture": "#0"},
				"down": {"uv": [1, 3, 2, 12.95], "texture": "#0"}
			}
		},
		{
			"from": [12.25, 3.5, 5.75],
			"to": [16.25, 5.5, 9.75],
			"rotation": {"angle": 22.5, "axis": "y", "origin": [13.495, 4.5, 12]},
			"faces": {
				"north": {"uv": [3, 0, 13, 7], "texture": "#1"},
				"east": {"uv": [3, 0, 13, 7], "texture": "#1"},
				"south": {"uv": [3, 0, 13, 7], "texture": "#1"},
				"west": {"uv": [3, 0, 13, 7], "texture": "#1"},
				"up": {"uv": [2, 2, 14, 14], "texture": "#0"},
				"down": {"uv": [2, 2, 14, 14], "texture": "#0"}
			}
		},
		{
			"from": [11.9, 3.5, 6.1],
			"to": [12.24, 5.5, 9.4],
			"rotation": {"angle": 22.5, "axis": "y", "origin": [13.495, 4.5, 12]},
			"faces": {
				"north": {"uv": [2, 0, 3, 7], "texture": "#1"},
				"east": {"uv": [2, 0, 13.95, 8], "texture": "#1"},
				"south": {"uv": [12, 0, 13, 7], "texture": "#1"},
				"west": {"uv": [3, 0, 12.95, 7], "texture": "#1"},
				"up": {"uv": [1, 3, 2, 12.95], "texture": "#0"},
				"down": {"uv": [1, 3, 2, 12.95], "texture": "#0"}
			}
		},
		{
			"from": [12.62, 3.5, 9.755],
			"to": [15.92, 5.5, 10.095],
			"rotation": {"angle": 22.5, "axis": "y", "origin": [13.495, 4.5, 12]},
			"faces": {
				"north": {"uv": [2, 0, 13.95, 8], "texture": "#1"},
				"east": {"uv": [12, 0, 13, 7], "texture": "#1"},
				"south": {"uv": [3, 0, 12.95, 7], "texture": "#1"},
				"west": {"uv": [2, 0, 3, 7], "texture": "#1"},
				"up": {"uv": [1, 3, 2, 12.95], "rotation": 270, "texture": "#0"},
				"down": {"uv": [1, 3, 2, 12.95], "rotation": 90, "texture": "#0"}
			}
		},
		{
			"from": [12.595, 3.5, 5.405],
			"to": [15.895, 5.5, 5.745],
			"rotation": {"angle": 22.5, "axis": "y", "origin": [13.495, 4.5, 12]},
			"faces": {
				"north": {"uv": [2, 0, 13.95, 7], "texture": "#1"},
				"east": {"uv": [12, 0, 13, 7], "texture": "#1"},
				"south": {"uv": [3, 0, 12.95, 7], "texture": "#1"},
				"west": {"uv": [2, 0, 3, 7], "texture": "#1"},
				"up": {"uv": [1, 3, 2, 12.95], "rotation": 270, "texture": "#0"},
				"down": {"uv": [1, 3, 2, 12.95], "rotation": 90, "texture": "#0"}
			}
		},
		{
			"from": [16.25, 3.5, 6.1],
			"to": [16.59, 5.5, 9.4],
			"rotation": {"angle": 22.5, "axis": "y", "origin": [13.495, 4.5, 12]},
			"faces": {
				"north": {"uv": [2, 0, 3, 7], "texture": "#1"},
				"east": {"uv": [3, 0, 12.95, 7], "texture": "#1"},
				"south": {"uv": [12, 0, 13, 7], "texture": "#1"},
				"west": {"uv": [3, 0, 12.95, 7], "texture": "#1"},
				"up": {"uv": [1, 3, 2, 12.95], "texture": "#0"},
				"down": {"uv": [1, 3, 2, 12.95], "texture": "#0"}
			}
		},
		{
			"from": [12.25, 5.25, 5.75],
			"to": [16.25, 7.25, 9.75],
			"rotation": {"angle": 22.5, "axis": "y", "origin": [13.495, 4.5, 12]},
			"faces": {
				"north": {"uv": [3, 0, 13, 7], "texture": "#1"},
				"east": {"uv": [3, 0, 13, 7], "texture": "#1"},
				"south": {"uv": [3, 0, 13, 7], "texture": "#1"},
				"west": {"uv": [3, 0, 13, 7], "texture": "#1"},
				"up": {"uv": [2, 2, 14, 14], "texture": "#0"},
				"down": {"uv": [2, 2, 14, 14], "texture": "#0"}
			}
		},
		{
			"from": [11.9, 5.25, 6.1],
			"to": [12.24, 7.25, 9.4],
			"rotation": {"angle": 22.5, "axis": "y", "origin": [13.495, 4.5, 12]},
			"faces": {
				"north": {"uv": [2, 0, 3, 7], "texture": "#1"},
				"east": {"uv": [2, 0, 13.95, 8], "texture": "#1"},
				"south": {"uv": [12, 0, 13, 7], "texture": "#1"},
				"west": {"uv": [3, 0, 12.95, 7], "texture": "#1"},
				"up": {"uv": [1, 3, 2, 12.95], "texture": "#0"},
				"down": {"uv": [1, 3, 2, 12.95], "texture": "#0"}
			}
		},
		{
			"from": [12.62, 5.25, 9.755],
			"to": [15.92, 7.25, 10.095],
			"rotation": {"angle": 22.5, "axis": "y", "origin": [13.495, 4.5, 12]},
			"faces": {
				"north": {"uv": [2, 0, 13.95, 8], "texture": "#1"},
				"east": {"uv": [12, 0, 13, 7], "texture": "#1"},
				"south": {"uv": [3, 0, 12.95, 7], "texture": "#1"},
				"west": {"uv": [2, 0, 3, 7], "texture": "#1"},
				"up": {"uv": [1, 3, 2, 12.95], "rotation": 270, "texture": "#0"},
				"down": {"uv": [1, 3, 2, 12.95], "rotation": 90, "texture": "#0"}
			}
		},
		{
			"from": [12.595, 5.25, 5.405],
			"to": [15.895, 7.25, 5.745],
			"rotation": {"angle": 22.5, "axis": "y", "origin": [13.495, 4.5, 12]},
			"faces": {
				"north": {"uv": [2, 0, 13.95, 7], "texture": "#1"},
				"east": {"uv": [12, 0, 13, 7], "texture": "#1"},
				"south": {"uv": [3, 0, 12.95, 7], "texture": "#1"},
				"west": {"uv": [2, 0, 3, 7], "texture": "#1"},
				"up": {"uv": [1, 3, 2, 12.95], "rotation": 270, "texture": "#0"},
				"down": {"uv": [1, 3, 2, 12.95], "rotation": 90, "texture": "#0"}
			}
		},
		{
			"from": [16.25, 5.25, 6.1],
			"to": [16.59, 7.25, 9.4],
			"rotation": {"angle": 22.5, "axis": "y", "origin": [13.495, 4.5, 12]},
			"faces": {
				"north": {"uv": [2, 0, 3, 7], "texture": "#1"},
				"east": {"uv": [3, 0, 12.95, 7], "texture": "#1"},
				"south": {"uv": [12, 0, 13, 7], "texture": "#1"},
				"west": {"uv": [3, 0, 12.95, 7], "texture": "#1"},
				"up": {"uv": [1, 3, 2, 12.95], "texture": "#0"},
				"down": {"uv": [1, 3, 2, 12.95], "texture": "#0"}
			}
		},
		{
			"from": [12.25, 7, 5.75],
			"to": [16.25, 9, 9.75],
			"rotation": {"angle": 22.5, "axis": "y", "origin": [13.495, 4.5, 12]},
			"faces": {
				"north": {"uv": [3, 0, 13, 7], "texture": "#1"},
				"east": {"uv": [3, 0, 13, 7], "texture": "#1"},
				"south": {"uv": [3, 0, 13, 7], "texture": "#1"},
				"west": {"uv": [3, 0, 13, 7], "texture": "#1"},
				"up": {"uv": [2, 2, 14, 14], "texture": "#0"},
				"down": {"uv": [2, 2, 14, 14], "texture": "#0"}
			}
		},
		{
			"from": [11.9, 7, 6.1],
			"to": [12.24, 9, 9.4],
			"rotation": {"angle": 22.5, "axis": "y", "origin": [13.495, 4.5, 12]},
			"faces": {
				"north": {"uv": [2, 0, 3, 7], "texture": "#1"},
				"east": {"uv": [2, 0, 13.95, 8], "texture": "#1"},
				"south": {"uv": [12, 0, 13, 7], "texture": "#1"},
				"west": {"uv": [3, 0, 12.95, 7], "texture": "#1"},
				"up": {"uv": [1, 3, 2, 12.95], "texture": "#0"},
				"down": {"uv": [1, 3, 2, 12.95], "texture": "#0"}
			}
		},
		{
			"from": [12.62, 7, 9.755],
			"to": [15.92, 9, 10.095],
			"rotation": {"angle": 22.5, "axis": "y", "origin": [13.495, 4.5, 12]},
			"faces": {
				"north": {"uv": [2, 0, 13.95, 8], "texture": "#1"},
				"east": {"uv": [12, 0, 13, 7], "texture": "#1"},
				"south": {"uv": [3, 0, 12.95, 7], "texture": "#1"},
				"west": {"uv": [2, 0, 3, 7], "texture": "#1"},
				"up": {"uv": [1, 3, 2, 12.95], "rotation": 270, "texture": "#0"},
				"down": {"uv": [1, 3, 2, 12.95], "rotation": 90, "texture": "#0"}
			}
		},
		{
			"from": [12.595, 7, 5.405],
			"to": [15.895, 9, 5.745],
			"rotation": {"angle": 22.5, "axis": "y", "origin": [13.495, 4.5, 12]},
			"faces": {
				"north": {"uv": [2, 0, 13.95, 7], "texture": "#1"},
				"east": {"uv": [12, 0, 13, 7], "texture": "#1"},
				"south": {"uv": [3, 0, 12.95, 7], "texture": "#1"},
				"west": {"uv": [2, 0, 3, 7], "texture": "#1"},
				"up": {"uv": [1, 3, 2, 12.95], "rotation": 270, "texture": "#0"},
				"down": {"uv": [1, 3, 2, 12.95], "rotation": 90, "texture": "#0"}
			}
		},
		{
			"from": [16.25, 7, 6.1],
			"to": [16.59, 9, 9.4],
			"rotation": {"angle": 22.5, "axis": "y", "origin": [13.495, 4.5, 12]},
			"faces": {
				"north": {"uv": [2, 0, 3, 7], "texture": "#1"},
				"east": {"uv": [3, 0, 12.95, 7], "texture": "#1"},
				"south": {"uv": [12, 0, 13, 7], "texture": "#1"},
				"west": {"uv": [3, 0, 12.95, 7], "texture": "#1"},
				"up": {"uv": [1, 3, 2, 12.95], "texture": "#0"},
				"down": {"uv": [1, 3, 2, 12.95], "texture": "#0"}
			}
		},
		{
			"from": [4.75, 0, 11.4],
			"to": [5.09, 2, 14.7],
			"rotation": {"angle": -22.5, "axis": "y", "origin": [2.495, 1, 13.25]},
			"faces": {
				"north": {"uv": [2, 0, 3, 7], "texture": "#1"},
				"east": {"uv": [3, 0, 12.95, 7], "texture": "#1"},
				"south": {"uv": [12, 0, 13, 7], "texture": "#1"},
				"west": {"uv": [3, 0, 12.95, 7], "texture": "#1"},
				"up": {"uv": [1, 3, 2, 12.95], "texture": "#0"},
				"down": {"uv": [1, 3, 2, 12.95], "texture": "#0"}
			}
		},
		{
			"from": [0.75, 0, 11.05],
			"to": [4.75, 2, 15.05],
			"rotation": {"angle": -22.5, "axis": "y", "origin": [2.495, 1, 13.25]},
			"faces": {
				"north": {"uv": [3, 0, 13, 7], "texture": "#1"},
				"east": {"uv": [3, 0, 13, 7], "texture": "#1"},
				"south": {"uv": [3, 0, 13, 7], "texture": "#1"},
				"west": {"uv": [3, 0, 13, 7], "texture": "#1"},
				"up": {"uv": [2, 2, 14, 14], "texture": "#0"},
				"down": {"uv": [2, 2, 14, 14], "texture": "#0"}
			}
		},
		{
			"from": [0.4, 0, 11.4],
			"to": [0.74, 2, 14.7],
			"rotation": {"angle": -22.5, "axis": "y", "origin": [2.495, 1, 13.25]},
			"faces": {
				"north": {"uv": [2, 0, 3, 7], "texture": "#1"},
				"east": {"uv": [2, 0, 13.95, 8], "texture": "#1"},
				"south": {"uv": [12, 0, 13, 7], "texture": "#1"},
				"west": {"uv": [3, 0, 12.95, 7], "texture": "#1"},
				"up": {"uv": [1, 3, 2, 12.95], "texture": "#0"},
				"down": {"uv": [1, 3, 2, 12.95], "texture": "#0"}
			}
		},
		{
			"from": [1.12, 0, 15.055],
			"to": [4.42, 2, 15.395],
			"rotation": {"angle": -22.5, "axis": "y", "origin": [2.495, 1, 13.25]},
			"faces": {
				"north": {"uv": [2, 0, 13.95, 8], "texture": "#1"},
				"east": {"uv": [12, 0, 13, 7], "texture": "#1"},
				"south": {"uv": [3, 0, 12.95, 7], "texture": "#1"},
				"west": {"uv": [2, 0, 3, 7], "texture": "#1"},
				"up": {"uv": [1, 3, 2, 12.95], "rotation": 270, "texture": "#0"},
				"down": {"uv": [1, 3, 2, 12.95], "rotation": 90, "texture": "#0"}
			}
		},
		{
			"from": [1.095, 0, 10.705],
			"to": [4.395, 2, 11.045],
			"rotation": {"angle": -22.5, "axis": "y", "origin": [2.495, 1, 13.25]},
			"faces": {
				"north": {"uv": [2, 0, 13.95, 7], "texture": "#1"},
				"east": {"uv": [12, 0, 13, 7], "texture": "#1"},
				"south": {"uv": [3, 0, 12.95, 7], "texture": "#1"},
				"west": {"uv": [2, 0, 3, 7], "texture": "#1"},
				"up": {"uv": [1, 3, 2, 12.95], "rotation": 270, "texture": "#0"},
				"down": {"uv": [1, 3, 2, 12.95], "rotation": 90, "texture": "#0"}
			}
		},
		{
			"from": [15.22652, 0, 0.82051],
			"to": [15.56652, 2, 4.12051],
			"rotation": {"angle": 0, "axis": "y", "origin": [2.97335, 1, 12.09993]},
			"faces": {
				"north": {"uv": [2, 0, 3, 7], "texture": "#1"},
				"east": {"uv": [3, 0, 12.95, 7], "texture": "#1"},
				"south": {"uv": [12, 0, 13, 7], "texture": "#1"},
				"west": {"uv": [3, 0, 12.95, 7], "texture": "#1"},
				"up": {"uv": [1, 3, 2, 12.95], "texture": "#0"},
				"down": {"uv": [1, 3, 2, 12.95], "texture": "#0"}
			}
		},
		{
			"from": [11.22652, 0, 0.47051],
			"to": [15.22652, 2, 4.47051],
			"rotation": {"angle": 0, "axis": "y", "origin": [2.97335, 1, 12.09993]},
			"faces": {
				"north": {"uv": [3, 0, 13, 7], "texture": "#1"},
				"east": {"uv": [3, 0, 13, 7], "texture": "#1"},
				"south": {"uv": [3, 0, 13, 7], "texture": "#1"},
				"west": {"uv": [3, 0, 13, 7], "texture": "#1"},
				"up": {"uv": [2, 2, 14, 14], "texture": "#0"},
				"down": {"uv": [2, 2, 14, 14], "texture": "#0"}
			}
		},
		{
			"from": [10.87652, 0, 0.82051],
			"to": [11.21652, 2, 4.12051],
			"rotation": {"angle": 0, "axis": "y", "origin": [2.97335, 1, 12.09993]},
			"faces": {
				"north": {"uv": [2, 0, 3, 7], "texture": "#1"},
				"east": {"uv": [2, 0, 13.95, 8], "texture": "#1"},
				"south": {"uv": [12, 0, 13, 7], "texture": "#1"},
				"west": {"uv": [3, 0, 12.95, 7], "texture": "#1"},
				"up": {"uv": [1, 3, 2, 12.95], "texture": "#0"},
				"down": {"uv": [1, 3, 2, 12.95], "texture": "#0"}
			}
		},
		{
			"from": [11.59652, 0, 4.47551],
			"to": [14.89652, 2, 4.81551],
			"rotation": {"angle": 0, "axis": "y", "origin": [2.97335, 1, 12.09993]},
			"faces": {
				"north": {"uv": [2, 0, 13.95, 8], "texture": "#1"},
				"east": {"uv": [12, 0, 13, 7], "texture": "#1"},
				"south": {"uv": [3, 0, 12.95, 7], "texture": "#1"},
				"west": {"uv": [2, 0, 3, 7], "texture": "#1"},
				"up": {"uv": [1, 3, 2, 12.95], "rotation": 270, "texture": "#0"},
				"down": {"uv": [1, 3, 2, 12.95], "rotation": 90, "texture": "#0"}
			}
		},
		{
			"from": [11.57152, 0, 0.12551],
			"to": [14.87152, 2, 0.46551],
			"rotation": {"angle": 0, "axis": "y", "origin": [2.97335, 1, 12.09993]},
			"faces": {
				"north": {"uv": [2, 0, 13.95, 7], "texture": "#1"},
				"east": {"uv": [12, 0, 13, 7], "texture": "#1"},
				"south": {"uv": [3, 0, 12.95, 7], "texture": "#1"},
				"west": {"uv": [2, 0, 3, 7], "texture": "#1"},
				"up": {"uv": [1, 3, 2, 12.95], "rotation": 270, "texture": "#0"},
				"down": {"uv": [1, 3, 2, 12.95], "rotation": 90, "texture": "#0"}
			}
		},
		{
			"from": [6.66936, 0, 10.70491],
			"to": [9.96936, 0.3, 11.04491],
			"rotation": {"angle": 45, "axis": "y", "origin": [8.47561, 0.15, 12.99366]},
			"faces": {
				"north": {"uv": [3, 0, 12.95, 1], "texture": "#1"},
				"east": {"uv": [12, 0, 13, 1], "texture": "#1"},
				"south": {"uv": [3, 0, 12.95, 1], "texture": "#1"},
				"west": {"uv": [2, 0, 3, 1], "texture": "#1"},
				"up": {"uv": [1, 3, 2, 12.95], "rotation": 270, "texture": "#0"},
				"down": {"uv": [1, 3, 2, 12.95], "rotation": 90, "texture": "#0"}
			}
		},
		{
			"from": [6.31936, 0, 11.04491],
			"to": [10.31936, 0.3, 15.04491],
			"rotation": {"angle": 45, "axis": "y", "origin": [8.47561, 0.15, 12.99366]},
			"faces": {
				"north": {"uv": [3, 0, 13, 1], "texture": "#1"},
				"east": {"uv": [3, 0, 13, 1], "texture": "#1"},
				"south": {"uv": [3, 0, 13, 1], "texture": "#1"},
				"west": {"uv": [3, 0, 13, 1], "texture": "#1"},
				"up": {"uv": [2, 2, 14, 14], "rotation": 270, "texture": "#0"},
				"down": {"uv": [2, 2, 14, 14], "rotation": 90, "texture": "#0"}
			}
		},
		{
			"from": [6.66936, 0, 15.05491],
			"to": [9.96936, 0.3, 15.39491],
			"rotation": {"angle": 45, "axis": "y", "origin": [8.47561, 0.15, 12.99366]},
			"faces": {
				"north": {"uv": [2, 0, 13.95, 2], "texture": "#1"},
				"east": {"uv": [12, 0, 13, 1], "texture": "#1"},
				"south": {"uv": [3, 0, 12.95, 1], "texture": "#1"},
				"west": {"uv": [2, 0, 3, 1], "texture": "#1"},
				"up": {"uv": [1, 3, 2, 12.95], "rotation": 270, "texture": "#0"},
				"down": {"uv": [1, 3, 2, 12.95], "rotation": 90, "texture": "#0"}
			}
		},
		{
			"from": [10.32436, 0, 11.37491],
			"to": [10.66436, 0.3, 14.67491],
			"rotation": {"angle": 45, "axis": "y", "origin": [8.47561, 0.15, 12.99366]},
			"faces": {
				"north": {"uv": [12, 0, 13, 1], "texture": "#1"},
				"east": {"uv": [3, 0, 12.95, 1], "texture": "#1"},
				"south": {"uv": [2, 0, 3, 1], "texture": "#1"},
				"west": {"uv": [2, 0, 13.95, 2], "texture": "#1"},
				"up": {"uv": [1, 3, 2, 12.95], "rotation": 180, "texture": "#0"},
				"down": {"uv": [1, 3, 2, 12.95], "rotation": 180, "texture": "#0"}
			}
		},
		{
			"from": [5.97436, 0, 11.39991],
			"to": [6.31436, 0.3, 14.69991],
			"rotation": {"angle": 45, "axis": "y", "origin": [8.47561, 0.15, 12.99366]},
			"faces": {
				"north": {"uv": [12, 0, 13, 1], "texture": "#1"},
				"east": {"uv": [3, 0, 12.95, 1], "texture": "#1"},
				"south": {"uv": [2, 0, 3, 1], "texture": "#1"},
				"west": {"uv": [2, 0, 13.95, 1], "texture": "#1"},
				"up": {"uv": [1, 3, 2, 12.95], "rotation": 180, "texture": "#0"},
				"down": {"uv": [1, 3, 2, 12.95], "rotation": 180, "texture": "#0"}
			}
		},
		{
			"from": [0.08061, 0, 6.35616],
			"to": [0.42061, 0.3, 9.65616],
			"rotation": {"angle": 0, "axis": "y", "origin": [2.22561, 0.15, 8.00616]},
			"faces": {
				"north": {"uv": [12, 0, 13, 1], "texture": "#1"},
				"east": {"uv": [3, 0, 12.95, 1], "texture": "#1"},
				"south": {"uv": [2, 0, 3, 1], "texture": "#1"},
				"west": {"uv": [3, 0, 12.95, 1], "texture": "#1"},
				"up": {"uv": [1, 3, 2, 12.95], "rotation": 180, "texture": "#0"},
				"down": {"uv": [1, 3, 2, 12.95], "rotation": 180, "texture": "#0"}
			}
		},
		{
			"from": [0.42061, 0, 6.00616],
			"to": [4.42061, 0.3, 10.00616],
			"rotation": {"angle": 0, "axis": "y", "origin": [2.22561, 0.15, 8.00616]},
			"faces": {
				"north": {"uv": [3, 0, 13, 1], "texture": "#1"},
				"east": {"uv": [3, 0, 13, 1], "texture": "#1"},
				"south": {"uv": [3, 0, 13, 1], "texture": "#1"},
				"west": {"uv": [3, 0, 13, 1], "texture": "#1"},
				"up": {"uv": [2, 2, 14, 14], "rotation": 180, "texture": "#0"},
				"down": {"uv": [2, 2, 14, 14], "rotation": 180, "texture": "#0"}
			}
		},
		{
			"from": [4.43061, 0, 6.35616],
			"to": [4.77061, 0.3, 9.65616],
			"rotation": {"angle": 0, "axis": "y", "origin": [2.22561, 0.15, 8.00616]},
			"faces": {
				"north": {"uv": [12, 0, 13, 1], "texture": "#1"},
				"east": {"uv": [3, 0, 12.95, 1], "texture": "#1"},
				"south": {"uv": [2, 0, 3, 1], "texture": "#1"},
				"west": {"uv": [2, 0, 13.95, 2], "texture": "#1"},
				"up": {"uv": [1, 3, 2, 12.95], "rotation": 180, "texture": "#0"},
				"down": {"uv": [1, 3, 2, 12.95], "rotation": 180, "texture": "#0"}
			}
		},
		{
			"from": [0.75061, 0, 5.66116],
			"to": [4.05061, 0.3, 6.00116],
			"rotation": {"angle": 0, "axis": "y", "origin": [2.22561, 0.15, 8.00616]},
			"faces": {
				"north": {"uv": [3, 0, 12.95, 1], "texture": "#1"},
				"east": {"uv": [2, 0, 3, 1], "texture": "#1"},
				"south": {"uv": [2, 0, 13.95, 2], "texture": "#1"},
				"west": {"uv": [12, 0, 13, 1], "texture": "#1"},
				"up": {"uv": [1, 3, 2, 12.95], "rotation": 90, "texture": "#0"},
				"down": {"uv": [1, 3, 2, 12.95], "rotation": 270, "texture": "#0"}
			}
		},
		{
			"from": [0.77561, 0, 10.01116],
			"to": [4.07561, 0.3, 10.35116],
			"rotation": {"angle": 0, "axis": "y", "origin": [2.22561, 0.15, 8.00616]},
			"faces": {
				"north": {"uv": [3, 0, 12.95, 1], "texture": "#1"},
				"east": {"uv": [2, 0, 3, 1], "texture": "#1"},
				"south": {"uv": [2, 0, 13.95, 1], "texture": "#1"},
				"west": {"uv": [12, 0, 13, 1], "texture": "#1"},
				"up": {"uv": [1, 3, 2, 12.95], "rotation": 90, "texture": "#0"},
				"down": {"uv": [1, 3, 2, 12.95], "rotation": 270, "texture": "#0"}
			}
		},
		{
			"from": [15.63106, 0, 11.41845],
			"to": [15.97106, 0.9, 14.71845],
			"rotation": {"angle": 0, "axis": "y", "origin": [13.67606, 0.15, 13.31845]},
			"faces": {
				"north": {"uv": [2, 0, 3, 3], "texture": "#1"},
				"east": {"uv": [3, 0, 12.95, 3], "texture": "#1"},
				"south": {"uv": [12, 0, 13, 3], "texture": "#1"},
				"west": {"uv": [3, 0, 12.95, 3], "texture": "#1"},
				"up": {"uv": [1, 3, 2, 12.95], "texture": "#0"},
				"down": {"uv": [1, 3, 2, 12.95], "texture": "#0"}
			}
		},
		{
			"from": [11.63106, 0, 11.06845],
			"to": [15.63106, 0.9, 15.06845],
			"rotation": {"angle": 0, "axis": "y", "origin": [13.67606, 0.15, 13.31845]},
			"faces": {
				"north": {"uv": [3, 0, 13, 3], "texture": "#1"},
				"east": {"uv": [3, 0, 13, 3], "texture": "#1"},
				"south": {"uv": [3, 0, 13, 3], "texture": "#1"},
				"west": {"uv": [3, 0, 13, 3], "texture": "#1"},
				"up": {"uv": [2, 2, 14, 14], "texture": "#0"},
				"down": {"uv": [2, 2, 14, 14], "texture": "#0"}
			}
		},
		{
			"from": [11.28106, 0, 11.41845],
			"to": [11.62106, 0.9, 14.71845],
			"rotation": {"angle": 0, "axis": "y", "origin": [13.67606, 0.15, 13.31845]},
			"faces": {
				"north": {"uv": [2, 0, 3, 3], "texture": "#1"},
				"east": {"uv": [2, 0, 13.95, 4], "texture": "#1"},
				"south": {"uv": [12, 0, 13, 3], "texture": "#1"},
				"west": {"uv": [3, 0, 12.95, 3], "texture": "#1"},
				"up": {"uv": [1, 3, 2, 12.95], "texture": "#0"},
				"down": {"uv": [1, 3, 2, 12.95], "texture": "#0"}
			}
		},
		{
			"from": [12.00106, 0, 15.07345],
			"to": [15.30106, 0.9, 15.41345],
			"rotation": {"angle": 0, "axis": "y", "origin": [13.67606, 0.15, 13.31845]},
			"faces": {
				"north": {"uv": [2, 0, 13.95, 4], "texture": "#1"},
				"east": {"uv": [12, 0, 13, 3], "texture": "#1"},
				"south": {"uv": [3, 0, 12.95, 3], "texture": "#1"},
				"west": {"uv": [2, 0, 3, 3], "texture": "#1"},
				"up": {"uv": [1, 3, 2, 12.95], "rotation": 270, "texture": "#0"},
				"down": {"uv": [1, 3, 2, 12.95], "rotation": 90, "texture": "#0"}
			}
		},
		{
			"from": [11.97606, 0, 10.72345],
			"to": [15.27606, 0.9, 11.06345],
			"rotation": {"angle": 0, "axis": "y", "origin": [13.67606, 0.15, 13.31845]},
			"faces": {
				"north": {"uv": [2, 0, 13.95, 3], "texture": "#1"},
				"east": {"uv": [12, 0, 13, 3], "texture": "#1"},
				"south": {"uv": [3, 0, 12.95, 3], "texture": "#1"},
				"west": {"uv": [2, 0, 3, 3], "texture": "#1"},
				"up": {"uv": [1, 3, 2, 12.95], "rotation": 270, "texture": "#0"},
				"down": {"uv": [1, 3, 2, 12.95], "rotation": 90, "texture": "#0"}
			}
		}
	],
	"groups": [
		{
			"name": "stack1",
			"origin": [0, 0, 0],
			"color": 0,
			"children": [0, 1, 2, 3, 4, 5, 6, 7, 8, 9, 10, 11, 12, 13, 14, 15, 16, 17, 18, 19, 20, 21, 22, 23, 24, 25, 26, 27, 28, 29, 30, 31, 32, 33, 34]
		},
		{
			"name": "stack2",
			"origin": [0, 0, 0],
			"color": 0,
			"children": [35, 36, 37, 38, 39, 40, 41, 42, 43, 44, 45, 46, 47, 48, 49, 50, 51, 52, 53, 54]
		},
		{
			"name": "stack3",
			"origin": [0, 0, 0],
			"color": 0,
			"children": [55, 56, 57, 58, 59, 60, 61, 62, 63, 64, 65, 66, 67, 68, 69]
		},
		{
			"name": "stack4",
			"origin": [0, 0, 0],
			"color": 0,
			"children": [70, 71, 72, 73, 74, 75, 76, 77, 78, 79, 80, 81, 82, 83, 84, 85, 86, 87, 88, 89, 90, 91, 92, 93, 94]
		},
		{
			"name": "sw7",
			"origin": [1.82, 1, 5],
			"color": 0,
			"children": [95, 96, 97, 98, 99]
		},
		{
			"name": "ne7",
			"origin": [1.82, 1, 5],
			"color": 0,
			"children": [100, 101, 102, 103, 104]
		},
		{
			"name": "ssw1",
			"origin": [1.82, 1, 5],
			"color": 0,
			"children": [105, 106, 107, 108, 109]
		},
		{
			"name": "w1",
			"origin": [1.82, 1, 5],
			"color": 0,
			"children": [110, 111, 112, 113, 114]
		},
		{
			"name": "ssw3",
			"origin": [1.82, 1, 5],
			"color": 0,
			"children": [115, 116, 117, 118, 119]
		}
	]
}