{
	"credit": "Made with Blockbench",
	"texture_size": [32, 32],
	"textures": {
		"0": "block/creepto_top_amethyst",
		"1": "block/creepto_side_amethyst",
		"particle": "block/creepto_top_amethyst"
	},
	"elements": [
		{
			"from": [0.47523, 0, 0.81773],
			"to": [4.47523, 2, 4.81773],
			"rotation": {"angle": 0, "axis": "y", "origin": [2.79706, 5.375, 2.82215]},
			"faces": {
				"north": {"uv": [3, 0, 13, 7], "texture": "#1"},
				"east": {"uv": [3, 0, 13, 7], "texture": "#1"},
				"south": {"uv": [3, 0, 13, 7], "texture": "#1"},
				"west": {"uv": [3, 0, 13, 7], "texture": "#1"},
				"up": {"uv": [2, 2, 14, 14], "texture": "#0"},
				"down": {"uv": [2, 2, 14, 14], "texture": "#0"}
			}
		},
		{
			"from": [0.12523, 0, 1.16773],
			"to": [0.46523, 2, 4.46773],
			"rotation": {"angle": 0, "axis": "y", "origin": [2.79706, 5.375, 2.82215]},
			"faces": {
				"north": {"uv": [2, 0, 3, 7], "texture": "#1"},
				"east": {"uv": [2, 0, 13.95, 8], "texture": "#1"},
				"south": {"uv": [12, 0, 13, 7], "texture": "#1"},
				"west": {"uv": [3, 0, 12.95, 7], "texture": "#1"},
				"up": {"uv": [1, 3, 2, 12.95], "texture": "#0"},
				"down": {"uv": [1, 3, 2, 12.95], "texture": "#0"}
			}
		},
		{
			"from": [0.84523, 0, 4.82273],
			"to": [4.14523, 2, 5.16273],
			"rotation": {"angle": 0, "axis": "y", "origin": [2.79706, 5.375, 2.82215]},
			"faces": {
				"north": {"uv": [2, 0, 13.95, 8], "texture": "#1"},
				"east": {"uv": [12, 0, 13, 7], "texture": "#1"},
				"south": {"uv": [3, 0, 12.95, 7], "texture": "#1"},
				"west": {"uv": [2, 0, 3, 7], "texture": "#1"},
				"up": {"uv": [1, 3, 2, 12.95], "rotation": 270, "texture": "#0"},
				"down": {"uv": [1, 3, 2, 12.95], "rotation": 90, "texture": "#0"}
			}
		},
		{
			"from": [0.82023, 0, 0.47273],
			"to": [4.12023, 2, 0.81273],
			"rotation": {"angle": 0, "axis": "y", "origin": [2.79706, 5.375, 2.82215]},
			"faces": {
				"north": {"uv": [2, 0, 13.95, 7], "texture": "#1"},
				"east": {"uv": [12, 0, 13, 7], "texture": "#1"},
				"south": {"uv": [3, 0, 12.95, 7], "texture": "#1"},
				"west": {"uv": [2, 0, 3, 7], "texture": "#1"},
				"up": {"uv": [1, 3, 2, 12.95], "rotation": 270, "texture": "#0"},
				"down": {"uv": [1, 3, 2, 12.95], "rotation": 90, "texture": "#0"}
			}
		},
		{
			"from": [4.47523, 0, 1.16773],
			"to": [4.81523, 2, 4.46773],
			"rotation": {"angle": 0, "axis": "y", "origin": [2.79706, 5.375, 2.82215]},
			"faces": {
				"north": {"uv": [2, 0, 3, 7], "texture": "#1"},
				"east": {"uv": [3, 0, 12.95, 7], "texture": "#1"},
				"south": {"uv": [12, 0, 13, 7], "texture": "#1"},
				"west": {"uv": [3, 0, 12.95, 7], "texture": "#1"},
				"up": {"uv": [1, 3, 2, 12.95], "texture": "#0"},
				"down": {"uv": [1, 3, 2, 12.95], "texture": "#0"}
			}
		},
		{
			"from": [0.47523, 1.75, 0.81773],
			"to": [4.47523, 3.75, 4.81773],
			"rotation": {"angle": 0, "axis": "y", "origin": [2.79706, 5.375, 2.82215]},
			"faces": {
				"north": {"uv": [3, 0, 13, 7], "texture": "#1"},
				"east": {"uv": [3, 0, 13, 7], "texture": "#1"},
				"south": {"uv": [3, 0, 13, 7], "texture": "#1"},
				"west": {"uv": [3, 0, 13, 7], "texture": "#1"},
				"up": {"uv": [2, 2, 14, 14], "texture": "#0"},
				"down": {"uv": [2, 2, 14, 14], "texture": "#0"}
			}
		},
		{
			"from": [0.12523, 1.75, 1.16773],
			"to": [0.46523, 3.75, 4.46773],
			"rotation": {"angle": 0, "axis": "y", "origin": [2.79706, 5.375, 2.82215]},
			"faces": {
				"north": {"uv": [2, 0, 3, 7], "texture": "#1"},
				"east": {"uv": [2, 0, 13.95, 8], "texture": "#1"},
				"south": {"uv": [12, 0, 13, 7], "texture": "#1"},
				"west": {"uv": [3, 0, 12.95, 7], "texture": "#1"},
				"up": {"uv": [1, 3, 2, 12.95], "texture": "#0"},
				"down": {"uv": [1, 3, 2, 12.95], "texture": "#0"}
			}
		},
		{
			"from": [0.84523, 1.75, 4.82273],
			"to": [4.14523, 3.75, 5.16273],
			"rotation": {"angle": 0, "axis": "y", "origin": [2.79706, 5.375, 2.82215]},
			"faces": {
				"north": {"uv": [2, 0, 13.95, 8], "texture": "#1"},
				"east": {"uv": [12, 0, 13, 7], "texture": "#1"},
				"south": {"uv": [3, 0, 12.95, 7], "texture": "#1"},
				"west": {"uv": [2, 0, 3, 7], "texture": "#1"},
				"up": {"uv": [1, 3, 2, 12.95], "rotation": 270, "texture": "#0"},
				"down": {"uv": [1, 3, 2, 12.95], "rotation": 90, "texture": "#0"}
			}
		},
		{
			"from": [0.82023, 1.75, 0.47273],
			"to": [4.12023, 3.75, 0.81273],
			"rotation": {"angle": 0, "axis": "y", "origin": [2.79706, 5.375, 2.82215]},
			"faces": {
				"north": {"uv": [2, 0, 13.95, 7], "texture": "#1"},
				"east": {"uv": [12, 0, 13, 7], "texture": "#1"},
				"south": {"uv": [3, 0, 12.95, 7], "texture": "#1"},
				"west": {"uv": [2, 0, 3, 7], "texture": "#1"},
				"up": {"uv": [1, 3, 2, 12.95], "rotation": 270, "texture": "#0"},
				"down": {"uv": [1, 3, 2, 12.95], "rotation": 90, "texture": "#0"}
			}
		},
		{
			"from": [4.47523, 1.75, 1.16773],
			"to": [4.81523, 3.75, 4.46773],
			"rotation": {"angle": 0, "axis": "y", "origin": [2.79706, 5.375, 2.82215]},
			"faces": {
				"north": {"uv": [2, 0, 3, 7], "texture": "#1"},
				"east": {"uv": [3, 0, 12.95, 7], "texture": "#1"},
				"south": {"uv": [12, 0, 13, 7], "texture": "#1"},
				"west": {"uv": [3, 0, 12.95, 7], "texture": "#1"},
				"up": {"uv": [1, 3, 2, 12.95], "texture": "#0"},
				"down": {"uv": [1, 3, 2, 12.95], "texture": "#0"}
			}
		},
		{
			"from": [0.47523, 3.5, 0.81773],
			"to": [4.47523, 5.5, 4.81773],
			"rotation": {"angle": 0, "axis": "y", "origin": [2.79706, 5.375, 2.82215]},
			"faces": {
				"north": {"uv": [3, 0, 13, 7], "texture": "#1"},
				"east": {"uv": [3, 0, 13, 7], "texture": "#1"},
				"south": {"uv": [3, 0, 13, 7], "texture": "#1"},
				"west": {"uv": [3, 0, 13, 7], "texture": "#1"},
				"up": {"uv": [2, 2, 14, 14], "texture": "#0"},
				"down": {"uv": [2, 2, 14, 14], "texture": "#0"}
			}
		},
		{
			"from": [0.12523, 3.5, 1.16773],
			"to": [0.46523, 5.5, 4.46773],
			"rotation": {"angle": 0, "axis": "y", "origin": [2.79706, 5.375, 2.82215]},
			"faces": {
				"north": {"uv": [2, 0, 3, 7], "texture": "#1"},
				"east": {"uv": [2, 0, 13.95, 8], "texture": "#1"},
				"south": {"uv": [12, 0, 13, 7], "texture": "#1"},
				"west": {"uv": [3, 0, 12.95, 7], "texture": "#1"},
				"up": {"uv": [1, 3, 2, 12.95], "texture": "#0"},
				"down": {"uv": [1, 3, 2, 12.95], "texture": "#0"}
			}
		},
		{
			"from": [0.84523, 3.5, 4.82273],
			"to": [4.14523, 5.5, 5.16273],
			"rotation": {"angle": 0, "axis": "y", "origin": [2.79706, 5.375, 2.82215]},
			"faces": {
				"north": {"uv": [2, 0, 13.95, 8], "texture": "#1"},
				"east": {"uv": [12, 0, 13, 7], "texture": "#1"},
				"south": {"uv": [3, 0, 12.95, 7], "texture": "#1"},
				"west": {"uv": [2, 0, 3, 7], "texture": "#1"},
				"up": {"uv": [1, 3, 2, 12.95], "rotation": 270, "texture": "#0"},
				"down": {"uv": [1, 3, 2, 12.95], "rotation": 90, "texture": "#0"}
			}
		},
		{
			"from": [0.82023, 3.5, 0.47273],
			"to": [4.12023, 5.5, 0.81273],
			"rotation": {"angle": 0, "axis": "y", "origin": [2.79706, 5.375, 2.82215]},
			"faces": {
				"north": {"uv": [2, 0, 13.95, 7], "texture": "#1"},
				"east": {"uv": [12, 0, 13, 7], "texture": "#1"},
				"south": {"uv": [3, 0, 12.95, 7], "texture": "#1"},
				"west": {"uv": [2, 0, 3, 7], "texture": "#1"},
				"up": {"uv": [1, 3, 2, 12.95], "rotation": 270, "texture": "#0"},
				"down": {"uv": [1, 3, 2, 12.95], "rotation": 90, "texture": "#0"}
			}
		},
		{
			"from": [4.47523, 3.5, 1.16773],
			"to": [4.81523, 5.5, 4.46773],
			"rotation": {"angle": 0, "axis": "y", "origin": [2.79706, 5.375, 2.82215]},
			"faces": {
				"north": {"uv": [2, 0, 3, 7], "texture": "#1"},
				"east": {"uv": [3, 0, 12.95, 7], "texture": "#1"},
				"south": {"uv": [12, 0, 13, 7], "texture": "#1"},
				"west": {"uv": [3, 0, 12.95, 7], "texture": "#1"},
				"up": {"uv": [1, 3, 2, 12.95], "texture": "#0"},
				"down": {"uv": [1, 3, 2, 12.95], "texture": "#0"}
			}
		},
		{
			"from": [0.47523, 5.25, 0.81773],
			"to": [4.47523, 7.25, 4.81773],
			"rotation": {"angle": 0, "axis": "y", "origin": [2.79706, 5.375, 2.82215]},
			"faces": {
				"north": {"uv": [3, 0, 13, 7], "texture": "#1"},
				"east": {"uv": [3, 0, 13, 7], "texture": "#1"},
				"south": {"uv": [3, 0, 13, 7], "texture": "#1"},
				"west": {"uv": [3, 0, 13, 7], "texture": "#1"},
				"up": {"uv": [2, 2, 14, 14], "texture": "#0"},
				"down": {"uv": [2, 2, 14, 14], "texture": "#0"}
			}
		},
		{
			"from": [0.12523, 5.25, 1.16773],
			"to": [0.46523, 7.25, 4.46773],
			"rotation": {"angle": 0, "axis": "y", "origin": [2.79706, 5.375, 2.82215]},
			"faces": {
				"north": {"uv": [2, 0, 3, 7], "texture": "#1"},
				"east": {"uv": [2, 0, 13.95, 8], "texture": "#1"},
				"south": {"uv": [12, 0, 13, 7], "texture": "#1"},
				"west": {"uv": [3, 0, 12.95, 7], "texture": "#1"},
				"up": {"uv": [1, 3, 2, 12.95], "texture": "#0"},
				"down": {"uv": [1, 3, 2, 12.95], "texture": "#0"}
			}
		},
		{
			"from": [0.84523, 5.25, 4.82273],
			"to": [4.14523, 7.25, 5.16273],
			"rotation": {"angle": 0, "axis": "y", "origin": [2.79706, 5.375, 2.82215]},
			"faces": {
				"north": {"uv": [2, 0, 13.95, 8], "texture": "#1"},
				"east": {"uv": [12, 0, 13, 7], "texture": "#1"},
				"south": {"uv": [3, 0, 12.95, 7], "texture": "#1"},
				"west": {"uv": [2, 0, 3, 7], "texture": "#1"},
				"up": {"uv": [1, 3, 2, 12.95], "rotation": 270, "texture": "#0"},
				"down": {"uv": [1, 3, 2, 12.95], "rotation": 90, "texture": "#0"}
			}
		},
		{
			"from": [0.82023, 5.25, 0.47273],
			"to": [4.12023, 7.25, 0.81273],
			"rotation": {"angle": 0, "axis": "y", "origin": [2.79706, 5.375, 2.82215]},
			"faces": {
				"north": {"uv": [2, 0, 13.95, 7], "texture": "#1"},
				"east": {"uv": [12, 0, 13, 7], "texture": "#1"},
				"south": {"uv": [3, 0, 12.95, 7], "texture": "#1"},
				"west": {"uv": [2, 0, 3, 7], "texture": "#1"},
				"up": {"uv": [1, 3, 2, 12.95], "rotation": 270, "texture": "#0"},
				"down": {"uv": [1, 3, 2, 12.95], "rotation": 90, "texture": "#0"}
			}
		},
		{
			"from": [4.47523, 5.25, 1.16773],
			"to": [4.81523, 7.25, 4.46773],
			"rotation": {"angle": 0, "axis": "y", "origin": [2.79706, 5.375, 2.82215]},
			"faces": {
				"north": {"uv": [2, 0, 3, 7], "texture": "#1"},
				"east": {"uv": [3, 0, 12.95, 7], "texture": "#1"},
				"south": {"uv": [12, 0, 13, 7], "texture": "#1"},
				"west": {"uv": [3, 0, 12.95, 7], "texture": "#1"},
				"up": {"uv": [1, 3, 2, 12.95], "texture": "#0"},
				"down": {"uv": [1, 3, 2, 12.95], "texture": "#0"}
			}
		},
		{
			"from": [0.47523, 8.75, 0.81773],
			"to": [4.47523, 10.75, 4.81773],
			"rotation": {"angle": 0, "axis": "y", "origin": [2.79706, 5.375, 2.82215]},
			"faces": {
				"north": {"uv": [3, 0, 13, 7], "texture": "#1"},
				"east": {"uv": [3, 0, 13, 7], "texture": "#1"},
				"south": {"uv": [3, 0, 13, 7], "texture": "#1"},
				"west": {"uv": [3, 0, 13, 7], "texture": "#1"},
				"up": {"uv": [2, 2, 14, 14], "texture": "#0"},
				"down": {"uv": [2, 2, 14, 14], "texture": "#0"}
			}
		},
		{
			"from": [0.12523, 8.75, 1.16773],
			"to": [0.46523, 10.75, 4.46773],
			"rotation": {"angle": 0, "axis": "y", "origin": [2.79706, 5.375, 2.82215]},
			"faces": {
				"north": {"uv": [2, 0, 3, 7], "texture": "#1"},
				"east": {"uv": [2, 0, 13.95, 8], "texture": "#1"},
				"south": {"uv": [12, 0, 13, 7], "texture": "#1"},
				"west": {"uv": [3, 0, 12.95, 7], "texture": "#1"},
				"up": {"uv": [1, 3, 2, 12.95], "texture": "#0"},
				"down": {"uv": [1, 3, 2, 12.95], "texture": "#0"}
			}
		},
		{
			"from": [0.84523, 8.75, 4.82273],
			"to": [4.14523, 10.75, 5.16273],
			"rotation": {"angle": 0, "axis": "y", "origin": [2.79706, 5.375, 2.82215]},
			"faces": {
				"north": {"uv": [2, 0, 13.95, 8], "texture": "#1"},
				"east": {"uv": [12, 0, 13, 7], "texture": "#1"},
				"south": {"uv": [3, 0, 12.95, 7], "texture": "#1"},
				"west": {"uv": [2, 0, 3, 7], "texture": "#1"},
				"up": {"uv": [1, 3, 2, 12.95], "rotation": 270, "texture": "#0"},
				"down": {"uv": [1, 3, 2, 12.95], "rotation": 90, "texture": "#0"}
			}
		},
		{
			"from": [0.82023, 8.75, 0.47273],
			"to": [4.12023, 10.75, 0.81273],
			"rotation": {"angle": 0, "axis": "y", "origin": [2.79706, 5.375, 2.82215]},
			"faces": {
				"north": {"uv": [2, 0, 13.95, 7], "texture": "#1"},
				"east": {"uv": [12, 0, 13, 7], "texture": "#1"},
				"south": {"uv": [3, 0, 12.95, 7], "texture": "#1"},
				"west": {"uv": [2, 0, 3, 7], "texture": "#1"},
				"up": {"uv": [1, 3, 2, 12.95], "rotation": 270, "texture": "#0"},
				"down": {"uv": [1, 3, 2, 12.95], "rotation": 90, "texture": "#0"}
			}
		},
		{
			"from": [4.47523, 8.75, 1.16773],
			"to": [4.81523, 10.75, 4.46773],
			"rotation": {"angle": 0, "axis": "y", "origin": [2.79706, 5.375, 2.82215]},
			"faces": {
				"north": {"uv": [2, 0, 3, 7], "texture": "#1"},
				"east": {"uv": [3, 0, 12.95, 7], "texture": "#1"},
				"south": {"uv": [12, 0, 13, 7], "texture": "#1"},
				"west": {"uv": [3, 0, 12.95, 7], "texture": "#1"},
				"up": {"uv": [1, 3, 2, 12.95], "texture": "#0"},
				"down": {"uv": [1, 3, 2, 12.95], "texture": "#0"}
			}
		},
		{
			"from": [0.47523, 7, 0.81773],
			"to": [4.47523, 9, 4.81773],
			"rotation": {"angle": 0, "axis": "y", "origin": [2.79706, 5.375, 2.82215]},
			"faces": {
				"north": {"uv": [3, 0, 13, 7], "texture": "#1"},
				"east": {"uv": [3, 0, 13, 7], "texture": "#1"},
				"south": {"uv": [3, 0, 13, 7], "texture": "#1"},
				"west": {"uv": [3, 0, 13, 7], "texture": "#1"},
				"up": {"uv": [2, 2, 14, 14], "texture": "#0"},
				"down": {"uv": [2, 2, 14, 14], "texture": "#0"}
			}
		},
		{
			"from": [0.12523, 7, 1.16773],
			"to": [0.46523, 9, 4.46773],
			"rotation": {"angle": 0, "axis": "y", "origin": [2.79706, 5.375, 2.82215]},
			"faces": {
				"north": {"uv": [2, 0, 3, 7], "texture": "#1"},
				"east": {"uv": [2, 0, 13.95, 8], "texture": "#1"},
				"south": {"uv": [12, 0, 13, 7], "texture": "#1"},
				"west": {"uv": [3, 0, 12.95, 7], "texture": "#1"},
				"up": {"uv": [1, 3, 2, 12.95], "texture": "#0"},
				"down": {"uv": [1, 3, 2, 12.95], "texture": "#0"}
			}
		},
		{
			"from": [0.84523, 7, 4.82273],
			"to": [4.14523, 9, 5.16273],
			"rotation": {"angle": 0, "axis": "y", "origin": [2.79706, 5.375, 2.82215]},
			"faces": {
				"north": {"uv": [2, 0, 13.95, 8], "texture": "#1"},
				"east": {"uv": [12, 0, 13, 7], "texture": "#1"},
				"south": {"uv": [3, 0, 12.95, 7], "texture": "#1"},
				"west": {"uv": [2, 0, 3, 7], "texture": "#1"},
				"up": {"uv": [1, 3, 2, 12.95], "rotation": 270, "texture": "#0"},
				"down": {"uv": [1, 3, 2, 12.95], "rotation": 90, "texture": "#0"}
			}
		},
		{
			"from": [0.82023, 7, 0.47273],
			"to": [4.12023, 9, 0.81273],
			"rotation": {"angle": 0, "axis": "y", "origin": [2.79706, 5.375, 2.82215]},
			"faces": {
				"north": {"uv": [2, 0, 13.95, 7], "texture": "#1"},
				"east": {"uv": [12, 0, 13, 7], "texture": "#1"},
				"south": {"uv": [3, 0, 12.95, 7], "texture": "#1"},
				"west": {"uv": [2, 0, 3, 7], "texture": "#1"},
				"up": {"uv": [1, 3, 2, 12.95], "rotation": 270, "texture": "#0"},
				"down": {"uv": [1, 3, 2, 12.95], "rotation": 90, "texture": "#0"}
			}
		},
		{
			"from": [4.47523, 7, 1.16773],
			"to": [4.81523, 9, 4.46773],
			"rotation": {"angle": 0, "axis": "y", "origin": [2.79706, 5.375, 2.82215]},
			"faces": {
				"north": {"uv": [2, 0, 3, 7], "texture": "#1"},
				"east": {"uv": [3, 0, 12.95, 7], "texture": "#1"},
				"south": {"uv": [12, 0, 13, 7], "texture": "#1"},
				"west": {"uv": [3, 0, 12.95, 7], "texture": "#1"},
				"up": {"uv": [1, 3, 2, 12.95], "texture": "#0"},
				"down": {"uv": [1, 3, 2, 12.95], "texture": "#0"}
			}
		},
		{
			"from": [5.75, 1.75, 0.5],
			"to": [9.75, 3.75, 4.5],
			"rotation": {"angle": 45, "axis": "y", "origin": [8.245, 3.625, 2.5]},
			"faces": {
				"north": {"uv": [3, 0, 13, 7], "texture": "#1"},
				"east": {"uv": [3, 0, 13, 7], "texture": "#1"},
				"south": {"uv": [3, 0, 13, 7], "texture": "#1"},
				"west": {"uv": [3, 0, 13, 7], "texture": "#1"},
				"up": {"uv": [2, 2, 14, 14], "texture": "#0"},
				"down": {"uv": [2, 2, 14, 14], "texture": "#0"}
			}
		},
		{
			"from": [5.4, 1.75, 0.85],
			"to": [5.74, 3.75, 4.15],
			"rotation": {"angle": 45, "axis": "y", "origin": [8.245, 3.625, 2.5]},
			"faces": {
				"north": {"uv": [2, 0, 3, 7], "texture": "#1"},
				"east": {"uv": [2, 0, 13.95, 8], "texture": "#1"},
				"south": {"uv": [12, 0, 13, 7], "texture": "#1"},
				"west": {"uv": [3, 0, 12.95, 7], "texture": "#1"},
				"up": {"uv": [1, 3, 2, 12.95], "texture": "#0"},
				"down": {"uv": [1, 3, 2, 12.95], "texture": "#0"}
			}
		},
		{
			"from": [6.12, 1.75, 4.505],
			"to": [9.42, 3.75, 4.845],
			"rotation": {"angle": 45, "axis": "y", "origin": [8.245, 3.625, 2.5]},
			"faces": {
				"north": {"uv": [2, 0, 13.95, 8], "texture": "#1"},
				"east": {"uv": [12, 0, 13, 7], "texture": "#1"},
				"south": {"uv": [3, 0, 12.95, 7], "texture": "#1"},
				"west": {"uv": [2, 0, 3, 7], "texture": "#1"},
				"up": {"uv": [1, 3, 2, 12.95], "rotation": 270, "texture": "#0"},
				"down": {"uv": [1, 3, 2, 12.95], "rotation": 90, "texture": "#0"}
			}
		},
		{
			"from": [6.095, 1.75, 0.155],
			"to": [9.395, 3.75, 0.495],
			"rotation": {"angle": 45, "axis": "y", "origin": [8.245, 3.625, 2.5]},
			"faces": {
				"north": {"uv": [2, 0, 13.95, 7], "texture": "#1"},
				"east": {"uv": [12, 0, 13, 7], "texture": "#1"},
				"south": {"uv": [3, 0, 12.95, 7], "texture": "#1"},
				"west": {"uv": [2, 0, 3, 7], "texture": "#1"},
				"up": {"uv": [1, 3, 2, 12.95], "rotation": 270, "texture": "#0"},
				"down": {"uv": [1, 3, 2, 12.95], "rotation": 90, "texture": "#0"}
			}
		},
		{
			"from": [9.75, 1.75, 0.85],
			"to": [10.09, 3.75, 4.15],
			"rotation": {"angle": 45, "axis": "y", "origin": [8.245, 3.625, 2.5]},
			"faces": {
				"north": {"uv": [2, 0, 3, 7], "texture": "#1"},
				"east": {"uv": [3, 0, 12.95, 7], "texture": "#1"},
				"south": {"uv": [12, 0, 13, 7], "texture": "#1"},
				"west": {"uv": [3, 0, 12.95, 7], "texture": "#1"},
				"up": {"uv": [1, 3, 2, 12.95], "texture": "#0"},
				"down": {"uv": [1, 3, 2, 12.95], "texture": "#0"}
			}
		},
		{
			"from": [9.75, 5.25, 0.85],
			"to": [10.09, 7.25, 4.15],
			"rotation": {"angle": 45, "axis": "y", "origin": [8.245, 3.625, 2.5]},
			"faces": {
				"north": {"uv": [2, 0, 3, 7], "texture": "#1"},
				"east": {"uv": [3, 0, 12.95, 7], "texture": "#1"},
				"south": {"uv": [12, 0, 13, 7], "texture": "#1"},
				"west": {"uv": [3, 0, 12.95, 7], "texture": "#1"},
				"up": {"uv": [1, 3, 2, 12.95], "texture": "#0"},
				"down": {"uv": [1, 3, 2, 12.95], "texture": "#0"}
			}
		},
		{
			"from": [5.75, 5.25, 0.5],
			"to": [9.75, 7.25, 4.5],
			"rotation": {"angle": 45, "axis": "y", "origin": [8.245, 3.625, 2.5]},
			"faces": {
				"north": {"uv": [3, 0, 13, 7], "texture": "#1"},
				"east": {"uv": [3, 0, 13, 7], "texture": "#1"},
				"south": {"uv": [3, 0, 13, 7], "texture": "#1"},
				"west": {"uv": [3, 0, 13, 7], "texture": "#1"},
				"up": {"uv": [2, 2, 14, 14], "texture": "#0"},
				"down": {"uv": [2, 2, 14, 14], "texture": "#0"}
			}
		},
		{
			"from": [5.4, 5.25, 0.85],
			"to": [5.74, 7.25, 4.15],
			"rotation": {"angle": 45, "axis": "y", "origin": [8.245, 3.625, 2.5]},
			"faces": {
				"north": {"uv": [2, 0, 3, 7], "texture": "#1"},
				"east": {"uv": [2, 0, 13.95, 8], "texture": "#1"},
				"south": {"uv": [12, 0, 13, 7], "texture": "#1"},
				"west": {"uv": [3, 0, 12.95, 7], "texture": "#1"},
				"up": {"uv": [1, 3, 2, 12.95], "texture": "#0"},
				"down": {"uv": [1, 3, 2, 12.95], "texture": "#0"}
			}
		},
		{
			"from": [6.12, 5.25, 4.505],
			"to": [9.42, 7.25, 4.845],
			"rotation": {"angle": 45, "axis": "y", "origin": [8.245, 3.625, 2.5]},
			"faces": {
				"north": {"uv": [2, 0, 13.95, 8], "texture": "#1"},
				"east": {"uv": [12, 0, 13, 7], "texture": "#1"},
				"south": {"uv": [3, 0, 12.95, 7], "texture": "#1"},
				"west": {"uv": [2, 0, 3, 7], "texture": "#1"},
				"up": {"uv": [1, 3, 2, 12.95], "rotation": 270, "texture": "#0"},
				"down": {"uv": [1, 3, 2, 12.95], "rotation": 90, "texture": "#0"}
			}
		},
		{
			"from": [6.095, 5.25, 0.155],
			"to": [9.395, 7.25, 0.495],
			"rotation": {"angle": 45, "axis": "y", "origin": [8.245, 3.625, 2.5]},
			"faces": {
				"north": {"uv": [2, 0, 13.95, 7], "texture": "#1"},
				"east": {"uv": [12, 0, 13, 7], "texture": "#1"},
				"south": {"uv": [3, 0, 12.95, 7], "texture": "#1"},
				"west": {"uv": [2, 0, 3, 7], "texture": "#1"},
				"up": {"uv": [1, 3, 2, 12.95], "rotation": 270, "texture": "#0"},
				"down": {"uv": [1, 3, 2, 12.95], "rotation": 90, "texture": "#0"}
			}
		},
		{
			"from": [9.75, 3.5, 0.85],
			"to": [10.09, 5.5, 4.15],
			"rotation": {"angle": 45, "axis": "y", "origin": [8.245, 3.625, 2.5]},
			"faces": {
				"north": {"uv": [2, 0, 3, 7], "texture": "#1"},
				"east": {"uv": [3, 0, 12.95, 7], "texture": "#1"},
				"south": {"uv": [12, 0, 13, 7], "texture": "#1"},
				"west": {"uv": [3, 0, 12.95, 7], "texture": "#1"},
				"up": {"uv": [1, 3, 2, 12.95], "texture": "#0"},
				"down": {"uv": [1, 3, 2, 12.95], "texture": "#0"}
			}
		},
		{
			"from": [6.095, 3.5, 0.155],
			"to": [9.395, 5.5, 0.495],
			"rotation": {"angle": 45, "axis": "y", "origin": [8.245, 3.625, 2.5]},
			"faces": {
				"north": {"uv": [2, 0, 13.95, 7], "texture": "#1"},
				"east": {"uv": [12, 0, 13, 7], "texture": "#1"},
				"south": {"uv": [3, 0, 12.95, 7], "texture": "#1"},
				"west": {"uv": [2, 0, 3, 7], "texture": "#1"},
				"up": {"uv": [1, 3, 2, 12.95], "rotation": 270, "texture": "#0"},
				"down": {"uv": [1, 3, 2, 12.95], "rotation": 90, "texture": "#0"}
			}
		},
		{
			"from": [6.12, 3.5, 4.505],
			"to": [9.42, 5.5, 4.845],
			"rotation": {"angle": 45, "axis": "y", "origin": [8.245, 3.625, 2.5]},
			"faces": {
				"north": {"uv": [2, 0, 13.95, 8], "texture": "#1"},
				"east": {"uv": [12, 0, 13, 7], "texture": "#1"},
				"south": {"uv": [3, 0, 12.95, 7], "texture": "#1"},
				"west": {"uv": [2, 0, 3, 7], "texture": "#1"},
				"up": {"uv": [1, 3, 2, 12.95], "rotation": 270, "texture": "#0"},
				"down": {"uv": [1, 3, 2, 12.95], "rotation": 90, "texture": "#0"}
			}
		},
		{
			"from": [5.4, 3.5, 0.85],
			"to": [5.74, 5.5, 4.15],
			"rotation": {"angle": 45, "axis": "y", "origin": [8.245, 3.625, 2.5]},
			"faces": {
				"north": {"uv": [2, 0, 3, 7], "texture": "#1"},
				"east": {"uv": [2, 0, 13.95, 8], "texture": "#1"},
				"south": {"uv": [12, 0, 13, 7], "texture": "#1"},
				"west": {"uv": [3, 0, 12.95, 7], "texture": "#1"},
				"up": {"uv": [1, 3, 2, 12.95], "texture": "#0"},
				"down": {"uv": [1, 3, 2, 12.95], "texture": "#0"}
			}
		},
		{
			"from": [5.75, 3.5, 0.5],
			"to": [9.75, 5.5, 4.5],
			"rotation": {"angle": 45, "axis": "y", "origin": [8.245, 3.625, 2.5]},
			"faces": {
				"north": {"uv": [3, 0, 13, 7], "texture": "#1"},
				"east": {"uv": [3, 0, 13, 7], "texture": "#1"},
				"south": {"uv": [3, 0, 13, 7], "texture": "#1"},
				"west": {"uv": [3, 0, 13, 7], "texture": "#1"},
				"up": {"uv": [2, 2, 14, 14], "texture": "#0"},
				"down": {"uv": [2, 2, 14, 14], "texture": "#0"}
			}
		},
		{
			"from": [5.75, 0, 0.5],
			"to": [9.75, 2, 4.5],
			"rotation": {"angle": 45, "axis": "y", "origin": [8.245, 3.625, 2.5]},
			"faces": {
				"north": {"uv": [3, 0, 13, 7], "texture": "#1"},
				"east": {"uv": [3, 0, 13, 7], "texture": "#1"},
				"south": {"uv": [3, 0, 13, 7], "texture": "#1"},
				"west": {"uv": [3, 0, 13, 7], "texture": "#1"},
				"up": {"uv": [2, 2, 14, 14], "texture": "#0"},
				"down": {"uv": [2, 2, 14, 14], "texture": "#0"}
			}
		},
		{
			"from": [5.4, 0, 0.85],
			"to": [5.74, 2, 4.15],
			"rotation": {"angle": 45, "axis": "y", "origin": [8.245, 3.625, 2.5]},
			"faces": {
				"north": {"uv": [2, 0, 3, 7], "texture": "#1"},
				"east": {"uv": [2, 0, 13.95, 8], "texture": "#1"},
				"south": {"uv": [12, 0, 13, 7], "texture": "#1"},
				"west": {"uv": [3, 0, 12.95, 7], "texture": "#1"},
				"up": {"uv": [1, 3, 2, 12.95], "texture": "#0"},
				"down": {"uv": [1, 3, 2, 12.95], "texture": "#0"}
			}
		},
		{
			"from": [6.12, 0, 4.505],
			"to": [9.42, 2, 4.845],
			"rotation": {"angle": 45, "axis": "y", "origin": [8.245, 3.625, 2.5]},
			"faces": {
				"north": {"uv": [2, 0, 13.95, 8], "texture": "#1"},
				"east": {"uv": [12, 0, 13, 7], "texture": "#1"},
				"south": {"uv": [3, 0, 12.95, 7], "texture": "#1"},
				"west": {"uv": [2, 0, 3, 7], "texture": "#1"},
				"up": {"uv": [1, 3, 2, 12.95], "rotation": 270, "texture": "#0"},
				"down": {"uv": [1, 3, 2, 12.95], "rotation": 90, "texture": "#0"}
			}
		},
		{
			"from": [6.095, 0, 0.155],
			"to": [9.395, 2, 0.495],
			"rotation": {"angle": 45, "axis": "y", "origin": [8.245, 3.625, 2.5]},
			"faces": {
				"north": {"uv": [2, 0, 13.95, 7], "texture": "#1"},
				"east": {"uv": [12, 0, 13, 7], "texture": "#1"},
				"south": {"uv": [3, 0, 12.95, 7], "texture": "#1"},
				"west": {"uv": [2, 0, 3, 7], "texture": "#1"},
				"up": {"uv": [1, 3, 2, 12.95], "rotation": 270, "texture": "#0"},
				"down": {"uv": [1, 3, 2, 12.95], "rotation": 90, "texture": "#0"}
			}
		},
		{
			"from": [9.75, 0, 0.85],
			"to": [10.09, 2, 4.15],
			"rotation": {"angle": 45, "axis": "y", "origin": [8.245, 3.625, 2.5]},
			"faces": {
				"north": {"uv": [2, 0, 3, 7], "texture": "#1"},
				"east": {"uv": [3, 0, 12.95, 7], "texture": "#1"},
				"south": {"uv": [12, 0, 13, 7], "texture": "#1"},
				"west": {"uv": [3, 0, 12.95, 7], "texture": "#1"},
				"up": {"uv": [1, 3, 2, 12.95], "texture": "#0"},
				"down": {"uv": [1, 3, 2, 12.95], "texture": "#0"}
			}
		},
		{
			"from": [3.05, 0, 5.975],
			"to": [7.05, 2, 9.975],
			"rotation": {"angle": -22.5, "axis": "y", "origin": [4.82, 1.875, 7.75]},
			"faces": {
				"north": {"uv": [3, 0, 13, 7], "texture": "#1"},
				"east": {"uv": [3, 0, 13, 7], "texture": "#1"},
				"south": {"uv": [3, 0, 13, 7], "texture": "#1"},
				"west": {"uv": [3, 0, 13, 7], "texture": "#1"},
				"up": {"uv": [2, 2, 14, 14], "texture": "#0"},
				"down": {"uv": [2, 2, 14, 14], "texture": "#0"}
			}
		},
		{
			"from": [2.7, 0, 6.325],
			"to": [3.04, 2, 9.625],
			"rotation": {"angle": -22.5, "axis": "y", "origin": [4.82, 1.875, 7.75]},
			"faces": {
				"north": {"uv": [2, 0, 3, 7], "texture": "#1"},
				"east": {"uv": [2, 0, 13.95, 8], "texture": "#1"},
				"south": {"uv": [12, 0, 13, 7], "texture": "#1"},
				"west": {"uv": [3, 0, 12.95, 7], "texture": "#1"},
				"up": {"uv": [1, 3, 2, 12.95], "texture": "#0"},
				"down": {"uv": [1, 3, 2, 12.95], "texture": "#0"}
			}
		},
		{
			"from": [3.42, 0, 9.98],
			"to": [6.72, 2, 10.32],
			"rotation": {"angle": -22.5, "axis": "y", "origin": [4.82, 1.875, 7.75]},
			"faces": {
				"north": {"uv": [2, 0, 13.95, 8], "texture": "#1"},
				"east": {"uv": [12, 0, 13, 7], "texture": "#1"},
				"south": {"uv": [3, 0, 12.95, 7], "texture": "#1"},
				"west": {"uv": [2, 0, 3, 7], "texture": "#1"},
				"up": {"uv": [1, 3, 2, 12.95], "rotation": 270, "texture": "#0"},
				"down": {"uv": [1, 3, 2, 12.95], "rotation": 90, "texture": "#0"}
			}
		},
		{
			"from": [3.395, 0, 5.63],
			"to": [6.695, 2, 5.97],
			"rotation": {"angle": -22.5, "axis": "y", "origin": [4.82, 1.875, 7.75]},
			"faces": {
				"north": {"uv": [2, 0, 13.95, 7], "texture": "#1"},
				"east": {"uv": [12, 0, 13, 7], "texture": "#1"},
				"south": {"uv": [3, 0, 12.95, 7], "texture": "#1"},
				"west": {"uv": [2, 0, 3, 7], "texture": "#1"},
				"up": {"uv": [1, 3, 2, 12.95], "rotation": 270, "texture": "#0"},
				"down": {"uv": [1, 3, 2, 12.95], "rotation": 90, "texture": "#0"}
			}
		},
		{
			"from": [7.05, 0, 6.325],
			"to": [7.39, 2, 9.625],
			"rotation": {"angle": -22.5, "axis": "y", "origin": [4.82, 1.875, 7.75]},
			"faces": {
				"north": {"uv": [2, 0, 3, 7], "texture": "#1"},
				"east": {"uv": [3, 0, 12.95, 7], "texture": "#1"},
				"south": {"uv": [12, 0, 13, 7], "texture": "#1"},
				"west": {"uv": [3, 0, 12.95, 7], "texture": "#1"},
				"up": {"uv": [1, 3, 2, 12.95], "texture": "#0"},
				"down": {"uv": [1, 3, 2, 12.95], "texture": "#0"}
			}
		},
		{
			"from": [3.05, 1.75, 5.975],
			"to": [7.05, 3.75, 9.975],
			"rotation": {"angle": -22.5, "axis": "y", "origin": [4.82, 1.875, 7.75]},
			"faces": {
				"north": {"uv": [3, 0, 13, 7], "texture": "#1"},
				"east": {"uv": [3, 0, 13, 7], "texture": "#1"},
				"south": {"uv": [3, 0, 13, 7], "texture": "#1"},
				"west": {"uv": [3, 0, 13, 7], "texture": "#1"},
				"up": {"uv": [2, 2, 14, 14], "texture": "#0"},
				"down": {"uv": [2, 2, 14, 14], "texture": "#0"}
			}
		},
		{
			"from": [2.7, 1.75, 6.325],
			"to": [3.04, 3.75, 9.625],
			"rotation": {"angle": -22.5, "axis": "y", "origin": [4.82, 1.875, 7.75]},
			"faces": {
				"north": {"uv": [2, 0, 3, 7], "texture": "#1"},
				"east": {"uv": [2, 0, 13.95, 8], "texture": "#1"},
				"south": {"uv": [12, 0, 13, 7], "texture": "#1"},
				"west": {"uv": [3, 0, 12.95, 7], "texture": "#1"},
				"up": {"uv": [1, 3, 2, 12.95], "texture": "#0"},
				"down": {"uv": [1, 3, 2, 12.95], "texture": "#0"}
			}
		},
		{
			"from": [3.42, 1.75, 9.98],
			"to": [6.72, 3.75, 10.32],
			"rotation": {"angle": -22.5, "axis": "y", "origin": [4.82, 1.875, 7.75]},
			"faces": {
				"north": {"uv": [2, 0, 13.95, 8], "texture": "#1"},
				"east": {"uv": [12, 0, 13, 7], "texture": "#1"},
				"south": {"uv": [3, 0, 12.95, 7], "texture": "#1"},
				"west": {"uv": [2, 0, 3, 7], "texture": "#1"},
				"up": {"uv": [1, 3, 2, 12.95], "rotation": 270, "texture": "#0"},
				"down": {"uv": [1, 3, 2, 12.95], "rotation": 90, "texture": "#0"}
			}
		},
		{
			"from": [3.395, 1.75, 5.63],
			"to": [6.695, 3.75, 5.97],
			"rotation": {"angle": -22.5, "axis": "y", "origin": [4.82, 1.875, 7.75]},
			"faces": {
				"north": {"uv": [2, 0, 13.95, 7], "texture": "#1"},
				"east": {"uv": [12, 0, 13, 7], "texture": "#1"},
				"south": {"uv": [3, 0, 12.95, 7], "texture": "#1"},
				"west": {"uv": [2, 0, 3, 7], "texture": "#1"},
				"up": {"uv": [1, 3, 2, 12.95], "rotation": 270, "texture": "#0"},
				"down": {"uv": [1, 3, 2, 12.95], "rotation": 90, "texture": "#0"}
			}
		},
		{
			"from": [7.05, 1.75, 6.325],
			"to": [7.39, 3.75, 9.625],
			"rotation": {"angle": -22.5, "axis": "y", "origin": [4.82, 1.875, 7.75]},
			"faces": {
				"north": {"uv": [2, 0, 3, 7], "texture": "#1"},
				"east": {"uv": [3, 0, 12.95, 7], "texture": "#1"},
				"south": {"uv": [12, 0, 13, 7], "texture": "#1"},
				"west": {"uv": [3, 0, 12.95, 7], "texture": "#1"},
				"up": {"uv": [1, 3, 2, 12.95], "texture": "#0"},
				"down": {"uv": [1, 3, 2, 12.95], "texture": "#0"}
			}
		},
		{
			"from": [9.31467, 0, 5.53614],
			"to": [13.31467, 2, 9.53614],
			"rotation": {"angle": 22.5, "axis": "y", "origin": [12.56151, 3.625, 7.78172]},
			"faces": {
				"north": {"uv": [3, 0, 13, 7], "texture": "#1"},
				"east": {"uv": [3, 0, 13, 7], "texture": "#1"},
				"south": {"uv": [3, 0, 13, 7], "texture": "#1"},
				"west": {"uv": [3, 0, 13, 7], "texture": "#1"},
				"up": {"uv": [2, 2, 14, 14], "texture": "#0"},
				"down": {"uv": [2, 2, 14, 14], "texture": "#0"}
			}
		},
		{
			"from": [8.96467, 0, 5.88614],
			"to": [9.30467, 2, 9.18614],
			"rotation": {"angle": 22.5, "axis": "y", "origin": [12.56151, 3.625, 7.78172]},
			"faces": {
				"north": {"uv": [2, 0, 3, 7], "texture": "#1"},
				"east": {"uv": [2, 0, 13.95, 8], "texture": "#1"},
				"south": {"uv": [12, 0, 13, 7], "texture": "#1"},
				"west": {"uv": [3, 0, 12.95, 7], "texture": "#1"},
				"up": {"uv": [1, 3, 2, 12.95], "texture": "#0"},
				"down": {"uv": [1, 3, 2, 12.95], "texture": "#0"}
			}
		},
		{
			"from": [9.68467, 0, 9.54114],
			"to": [12.98467, 2, 9.88114],
			"rotation": {"angle": 22.5, "axis": "y", "origin": [12.56151, 3.625, 7.78172]},
			"faces": {
				"north": {"uv": [2, 0, 13.95, 8], "texture": "#1"},
				"east": {"uv": [12, 0, 13, 7], "texture": "#1"},
				"south": {"uv": [3, 0, 12.95, 7], "texture": "#1"},
				"west": {"uv": [2, 0, 3, 7], "texture": "#1"},
				"up": {"uv": [1, 3, 2, 12.95], "rotation": 270, "texture": "#0"},
				"down": {"uv": [1, 3, 2, 12.95], "rotation": 90, "texture": "#0"}
			}
		},
		{
			"from": [9.65967, 0, 5.19114],
			"to": [12.95967, 2, 5.53114],
			"rotation": {"angle": 22.5, "axis": "y", "origin": [12.56151, 3.625, 7.78172]},
			"faces": {
				"north": {"uv": [2, 0, 13.95, 7], "texture": "#1"},
				"east": {"uv": [12, 0, 13, 7], "texture": "#1"},
				"south": {"uv": [3, 0, 12.95, 7], "texture": "#1"},
				"west": {"uv": [2, 0, 3, 7], "texture": "#1"},
				"up": {"uv": [1, 3, 2, 12.95], "rotation": 270, "texture": "#0"},
				"down": {"uv": [1, 3, 2, 12.95], "rotation": 90, "texture": "#0"}
			}
		},
		{
			"from": [13.31467, 0, 5.88614],
			"to": [13.65467, 2, 9.18614],
			"rotation": {"angle": 22.5, "axis": "y", "origin": [12.56151, 3.625, 7.78172]},
			"faces": {
				"north": {"uv": [2, 0, 3, 7], "texture": "#1"},
				"east": {"uv": [3, 0, 12.95, 7], "texture": "#1"},
				"south": {"uv": [12, 0, 13, 7], "texture": "#1"},
				"west": {"uv": [3, 0, 12.95, 7], "texture": "#1"},
				"up": {"uv": [1, 3, 2, 12.95], "texture": "#0"},
				"down": {"uv": [1, 3, 2, 12.95], "texture": "#0"}
			}
		},
		{
			"from": [9.31467, 1.75, 5.53614],
			"to": [13.31467, 3.75, 9.53614],
			"rotation": {"angle": 22.5, "axis": "y", "origin": [12.56151, 3.625, 7.78172]},
			"faces": {
				"north": {"uv": [3, 0, 13, 7], "texture": "#1"},
				"east": {"uv": [3, 0, 13, 7], "texture": "#1"},
				"south": {"uv": [3, 0, 13, 7], "texture": "#1"},
				"west": {"uv": [3, 0, 13, 7], "texture": "#1"},
				"up": {"uv": [2, 2, 14, 14], "texture": "#0"},
				"down": {"uv": [2, 2, 14, 14], "texture": "#0"}
			}
		},
		{
			"from": [8.96467, 1.75, 5.88614],
			"to": [9.30467, 3.75, 9.18614],
			"rotation": {"angle": 22.5, "axis": "y", "origin": [12.56151, 3.625, 7.78172]},
			"faces": {
				"north": {"uv": [2, 0, 3, 7], "texture": "#1"},
				"east": {"uv": [2, 0, 13.95, 8], "texture": "#1"},
				"south": {"uv": [12, 0, 13, 7], "texture": "#1"},
				"west": {"uv": [3, 0, 12.95, 7], "texture": "#1"},
				"up": {"uv": [1, 3, 2, 12.95], "texture": "#0"},
				"down": {"uv": [1, 3, 2, 12.95], "texture": "#0"}
			}
		},
		{
			"from": [9.68467, 1.75, 9.54114],
			"to": [12.98467, 3.75, 9.88114],
			"rotation": {"angle": 22.5, "axis": "y", "origin": [12.56151, 3.625, 7.78172]},
			"faces": {
				"north": {"uv": [2, 0, 13.95, 8], "texture": "#1"},
				"east": {"uv": [12, 0, 13, 7], "texture": "#1"},
				"south": {"uv": [3, 0, 12.95, 7], "texture": "#1"},
				"west": {"uv": [2, 0, 3, 7], "texture": "#1"},
				"up": {"uv": [1, 3, 2, 12.95], "rotation": 270, "texture": "#0"},
				"down": {"uv": [1, 3, 2, 12.95], "rotation": 90, "texture": "#0"}
			}
		},
		{
			"from": [9.65967, 1.75, 5.19114],
			"to": [12.95967, 3.75, 5.53114],
			"rotation": {"angle": 22.5, "axis": "y", "origin": [12.56151, 3.625, 7.78172]},
			"faces": {
				"north": {"uv": [2, 0, 13.95, 7], "texture": "#1"},
				"east": {"uv": [12, 0, 13, 7], "texture": "#1"},
				"south": {"uv": [3, 0, 12.95, 7], "texture": "#1"},
				"west": {"uv": [2, 0, 3, 7], "texture": "#1"},
				"up": {"uv": [1, 3, 2, 12.95], "rotation": 270, "texture": "#0"},
				"down": {"uv": [1, 3, 2, 12.95], "rotation": 90, "texture": "#0"}
			}
		},
		{
			"from": [13.31467, 1.75, 5.88614],
			"to": [13.65467, 3.75, 9.18614],
			"rotation": {"angle": 22.5, "axis": "y", "origin": [12.56151, 3.625, 7.78172]},
			"faces": {
				"north": {"uv": [2, 0, 3, 7], "texture": "#1"},
				"east": {"uv": [3, 0, 12.95, 7], "texture": "#1"},
				"south": {"uv": [12, 0, 13, 7], "texture": "#1"},
				"west": {"uv": [3, 0, 12.95, 7], "texture": "#1"},
				"up": {"uv": [1, 3, 2, 12.95], "texture": "#0"},
				"down": {"uv": [1, 3, 2, 12.95], "texture": "#0"}
			}
		},
		{
			"from": [9.31467, 3.5, 5.53614],
			"to": [13.31467, 5.5, 9.53614],
			"rotation": {"angle": 22.5, "axis": "y", "origin": [12.56151, 3.625, 7.78172]},
			"faces": {
				"north": {"uv": [3, 0, 13, 7], "texture": "#1"},
				"east": {"uv": [3, 0, 13, 7], "texture": "#1"},
				"south": {"uv": [3, 0, 13, 7], "texture": "#1"},
				"west": {"uv": [3, 0, 13, 7], "texture": "#1"},
				"up": {"uv": [2, 2, 14, 14], "texture": "#0"},
				"down": {"uv": [2, 2, 14, 14], "texture": "#0"}
			}
		},
		{
			"from": [8.96467, 3.5, 5.88614],
			"to": [9.30467, 5.5, 9.18614],
			"rotation": {"angle": 22.5, "axis": "y", "origin": [12.56151, 3.625, 7.78172]},
			"faces": {
				"north": {"uv": [2, 0, 3, 7], "texture": "#1"},
				"east": {"uv": [2, 0, 13.95, 8], "texture": "#1"},
				"south": {"uv": [12, 0, 13, 7], "texture": "#1"},
				"west": {"uv": [3, 0, 12.95, 7], "texture": "#1"},
				"up": {"uv": [1, 3, 2, 12.95], "texture": "#0"},
				"down": {"uv": [1, 3, 2, 12.95], "texture": "#0"}
			}
		},
		{
			"from": [9.68467, 3.5, 9.54114],
			"to": [12.98467, 5.5, 9.88114],
			"rotation": {"angle": 22.5, "axis": "y", "origin": [12.56151, 3.625, 7.78172]},
			"faces": {
				"north": {"uv": [2, 0, 13.95, 8], "texture": "#1"},
				"east": {"uv": [12, 0, 13, 7], "texture": "#1"},
				"south": {"uv": [3, 0, 12.95, 7], "texture": "#1"},
				"west": {"uv": [2, 0, 3, 7], "texture": "#1"},
				"up": {"uv": [1, 3, 2, 12.95], "rotation": 270, "texture": "#0"},
				"down": {"uv": [1, 3, 2, 12.95], "rotation": 90, "texture": "#0"}
			}
		},
		{
			"from": [9.65967, 3.5, 5.19114],
			"to": [12.95967, 5.5, 5.53114],
			"rotation": {"angle": 22.5, "axis": "y", "origin": [12.56151, 3.625, 7.78172]},
			"faces": {
				"north": {"uv": [2, 0, 13.95, 7], "texture": "#1"},
				"east": {"uv": [12, 0, 13, 7], "texture": "#1"},
				"south": {"uv": [3, 0, 12.95, 7], "texture": "#1"},
				"west": {"uv": [2, 0, 3, 7], "texture": "#1"},
				"up": {"uv": [1, 3, 2, 12.95], "rotation": 270, "texture": "#0"},
				"down": {"uv": [1, 3, 2, 12.95], "rotation": 90, "texture": "#0"}
			}
		},
		{
			"from": [13.31467, 3.5, 5.88614],
			"to": [13.65467, 5.5, 9.18614],
			"rotation": {"angle": 22.5, "axis": "y", "origin": [12.56151, 3.625, 7.78172]},
			"faces": {
				"north": {"uv": [2, 0, 3, 7], "texture": "#1"},
				"east": {"uv": [3, 0, 12.95, 7], "texture": "#1"},
				"south": {"uv": [12, 0, 13, 7], "texture": "#1"},
				"west": {"uv": [3, 0, 12.95, 7], "texture": "#1"},
				"up": {"uv": [1, 3, 2, 12.95], "texture": "#0"},
				"down": {"uv": [1, 3, 2, 12.95], "texture": "#0"}
			}
		},
		{
			"from": [15.15365, 0, 11.47883],
			"to": [15.49365, 0.3, 14.77883],
			"rotation": {"angle": -45, "axis": "y", "origin": [13.14865, 0.15, 13.12883]},
			"faces": {
				"north": {"uv": [2, 0, 3, 1], "texture": "#1"},
				"east": {"uv": [3, 0, 12.95, 1], "texture": "#1"},
				"south": {"uv": [12, 0, 13, 1], "texture": "#1"},
				"west": {"uv": [3, 0, 12.95, 1], "texture": "#1"},
				"up": {"uv": [1, 3, 2, 12.95], "texture": "#0"},
				"down": {"uv": [1, 3, 2, 12.95], "texture": "#0"}
			}
		},
		{
			"from": [11.15365, 0, 11.12883],
			"to": [15.15365, 0.3, 15.12883],
			"rotation": {"angle": -45, "axis": "y", "origin": [13.14865, 0.15, 13.12883]},
			"faces": {
				"north": {"uv": [3, 0, 13, 1], "texture": "#1"},
				"east": {"uv": [3, 0, 13, 1], "texture": "#1"},
				"south": {"uv": [3, 0, 13, 1], "texture": "#1"},
				"west": {"uv": [3, 0, 13, 1], "texture": "#1"},
				"up": {"uv": [2, 2, 14, 14], "texture": "#0"},
				"down": {"uv": [2, 2, 14, 14], "texture": "#0"}
			}
		},
		{
			"from": [10.80365, 0, 11.47883],
			"to": [11.14365, 0.3, 14.77883],
			"rotation": {"angle": -45, "axis": "y", "origin": [13.14865, 0.15, 13.12883]},
			"faces": {
				"north": {"uv": [2, 0, 3, 1], "texture": "#1"},
				"east": {"uv": [2, 0, 13.95, 2], "texture": "#1"},
				"south": {"uv": [12, 0, 13, 1], "texture": "#1"},
				"west": {"uv": [3, 0, 12.95, 1], "texture": "#1"},
				"up": {"uv": [1, 3, 2, 12.95], "texture": "#0"},
				"down": {"uv": [1, 3, 2, 12.95], "texture": "#0"}
			}
		},
		{
			"from": [11.52365, 0, 15.13383],
			"to": [14.82365, 0.3, 15.47383],
			"rotation": {"angle": -45, "axis": "y", "origin": [13.14865, 0.15, 13.12883]},
			"faces": {
				"north": {"uv": [2, 0, 13.95, 2], "texture": "#1"},
				"east": {"uv": [12, 0, 13, 1], "texture": "#1"},
				"south": {"uv": [3, 0, 12.95, 1], "texture": "#1"},
				"west": {"uv": [2, 0, 3, 1], "texture": "#1"},
				"up": {"uv": [1, 3, 2, 12.95], "rotation": 270, "texture": "#0"},
				"down": {"uv": [1, 3, 2, 12.95], "rotation": 90, "texture": "#0"}
			}
		},
		{
			"from": [11.49865, 0, 10.78383],
			"to": [14.79865, 0.3, 11.12383],
			"rotation": {"angle": -45, "axis": "y", "origin": [13.14865, 0.15, 13.12883]},
			"faces": {
				"north": {"uv": [2, 0, 13.95, 1], "texture": "#1"},
				"east": {"uv": [12, 0, 13, 1], "texture": "#1"},
				"south": {"uv": [3, 0, 12.95, 1], "texture": "#1"},
				"west": {"uv": [2, 0, 3, 1], "texture": "#1"},
				"up": {"uv": [1, 3, 2, 12.95], "rotation": 270, "texture": "#0"},
				"down": {"uv": [1, 3, 2, 12.95], "rotation": 90, "texture": "#0"}
			}
		},
		{
			"from": [9.95606, 0, 11.41845],
			"to": [10.29606, 0.9, 14.71845],
			"rotation": {"angle": 0, "axis": "y", "origin": [13.67606, 0.15, 13.31845]},
			"faces": {
				"north": {"uv": [2, 0, 3, 3], "texture": "#1"},
				"east": {"uv": [3, 0, 12.95, 3], "texture": "#1"},
				"south": {"uv": [12, 0, 13, 3], "texture": "#1"},
				"west": {"uv": [3, 0, 12.95, 3], "texture": "#1"},
				"up": {"uv": [1, 3, 2, 12.95], "texture": "#0"},
				"down": {"uv": [1, 3, 2, 12.95], "texture": "#0"}
			}
		},
		{
			"from": [5.95606, 0, 11.06845],
			"to": [9.95606, 0.9, 15.06845],
			"rotation": {"angle": 0, "axis": "y", "origin": [13.67606, 0.15, 13.31845]},
			"faces": {
				"north": {"uv": [3, 0, 13, 3], "texture": "#1"},
				"east": {"uv": [3, 0, 13, 3], "texture": "#1"},
				"south": {"uv": [3, 0, 13, 3], "texture": "#1"},
				"west": {"uv": [3, 0, 13, 3], "texture": "#1"},
				"up": {"uv": [2, 2, 14, 14], "texture": "#0"},
				"down": {"uv": [2, 2, 14, 14], "texture": "#0"}
			}
		},
		{
			"from": [5.60606, 0, 11.41845],
			"to": [5.94606, 0.9, 14.71845],
			"rotation": {"angle": 0, "axis": "y", "origin": [13.67606, 0.15, 13.31845]},
			"faces": {
				"north": {"uv": [2, 0, 3, 3], "texture": "#1"},
				"east": {"uv": [2, 0, 13.95, 4], "texture": "#1"},
				"south": {"uv": [12, 0, 13, 3], "texture": "#1"},
				"west": {"uv": [3, 0, 12.95, 3], "texture": "#1"},
				"up": {"uv": [1, 3, 2, 12.95], "texture": "#0"},
				"down": {"uv": [1, 3, 2, 12.95], "texture": "#0"}
			}
		},
		{
			"from": [6.32606, 0, 15.07345],
			"to": [9.62606, 0.9, 15.41345],
			"rotation": {"angle": 0, "axis": "y", "origin": [13.67606, 0.15, 13.31845]},
			"faces": {
				"north": {"uv": [2, 0, 13.95, 4], "texture": "#1"},
				"east": {"uv": [12, 0, 13, 3], "texture": "#1"},
				"south": {"uv": [3, 0, 12.95, 3], "texture": "#1"},
				"west": {"uv": [2, 0, 3, 3], "texture": "#1"},
				"up": {"uv": [1, 3, 2, 12.95], "rotation": 270, "texture": "#0"},
				"down": {"uv": [1, 3, 2, 12.95], "rotation": 90, "texture": "#0"}
			}
		},
		{
			"from": [6.30106, 0, 10.72345],
			"to": [9.60106, 0.9, 11.06345],
			"rotation": {"angle": 0, "axis": "y", "origin": [13.67606, 0.15, 13.31845]},
			"faces": {
				"north": {"uv": [2, 0, 13.95, 3], "texture": "#1"},
				"east": {"uv": [12, 0, 13, 3], "texture": "#1"},
				"south": {"uv": [3, 0, 12.95, 3], "texture": "#1"},
				"west": {"uv": [2, 0, 3, 3], "texture": "#1"},
				"up": {"uv": [1, 3, 2, 12.95], "rotation": 270, "texture": "#0"},
				"down": {"uv": [1, 3, 2, 12.95], "rotation": 90, "texture": "#0"}
			}
		},
		{
			"from": [6.30106, 0.9, 10.72345],
			"to": [9.60106, 1.8, 11.06345],
			"rotation": {"angle": 0, "axis": "y", "origin": [13.67606, 0.15, 13.31845]},
			"faces": {
				"north": {"uv": [2, 0, 13.95, 3], "texture": "#1"},
				"east": {"uv": [12, 0, 13, 3], "texture": "#1"},
				"south": {"uv": [3, 0, 12.95, 3], "texture": "#1"},
				"west": {"uv": [2, 0, 3, 3], "texture": "#1"},
				"up": {"uv": [1, 3, 2, 12.95], "rotation": 270, "texture": "#0"},
				"down": {"uv": [1, 3, 2, 12.95], "rotation": 90, "texture": "#0"}
			}
		},
		{
			"from": [6.32606, 0.9, 15.07345],
			"to": [9.62606, 1.8, 15.41345],
			"rotation": {"angle": 0, "axis": "y", "origin": [13.67606, 0.15, 13.31845]},
			"faces": {
				"north": {"uv": [2, 0, 13.95, 4], "texture": "#1"},
				"east": {"uv": [12, 0, 13, 3], "texture": "#1"},
				"south": {"uv": [3, 0, 12.95, 3], "texture": "#1"},
				"west": {"uv": [2, 0, 3, 3], "texture": "#1"},
				"up": {"uv": [1, 3, 2, 12.95], "rotation": 270, "texture": "#0"},
				"down": {"uv": [1, 3, 2, 12.95], "rotation": 90, "texture": "#0"}
			}
		},
		{
			"from": [5.60606, 0.9, 11.41845],
			"to": [5.94606, 1.8, 14.71845],
			"rotation": {"angle": 0, "axis": "y", "origin": [13.67606, 0.15, 13.31845]},
			"faces": {
				"north": {"uv": [2, 0, 3, 3], "texture": "#1"},
				"east": {"uv": [2, 0, 13.95, 4], "texture": "#1"},
				"south": {"uv": [12, 0, 13, 3], "texture": "#1"},
				"west": {"uv": [3, 0, 12.95, 3], "texture": "#1"},
				"up": {"uv": [1, 3, 2, 12.95], "texture": "#0"},
				"down": {"uv": [1, 3, 2, 12.95], "texture": "#0"}
			}
		},
		{
			"from": [5.95606, 0.9, 11.06845],
			"to": [9.95606, 1.8, 15.06845],
			"rotation": {"angle": 0, "axis": "y", "origin": [13.67606, 0.15, 13.31845]},
			"faces": {
				"north": {"uv": [3, 0, 13, 3], "texture": "#1"},
				"east": {"uv": [3, 0, 13, 3], "texture": "#1"},
				"south": {"uv": [3, 0, 13, 3], "texture": "#1"},
				"west": {"uv": [3, 0, 13, 3], "texture": "#1"},
				"up": {"uv": [2, 2, 14, 14], "texture": "#0"},
				"down": {"uv": [2, 2, 14, 14], "texture": "#0"}
			}
		},
		{
			"from": [9.95606, 0.9, 11.41845],
			"to": [10.29606, 1.8, 14.71845],
			"rotation": {"angle": 0, "axis": "y", "origin": [13.67606, 0.15, 13.31845]},
			"faces": {
				"north": {"uv": [2, 0, 3, 3], "texture": "#1"},
				"east": {"uv": [3, 0, 12.95, 3], "texture": "#1"},
				"south": {"uv": [12, 0, 13, 3], "texture": "#1"},
				"west": {"uv": [3, 0, 12.95, 3], "texture": "#1"},
				"up": {"uv": [1, 3, 2, 12.95], "texture": "#0"},
				"down": {"uv": [1, 3, 2, 12.95], "texture": "#0"}
			}
		},
		{
			"from": [0.45606, 0, 11.56845],
			"to": [0.79606, 0.9, 14.86845],
			"rotation": {"angle": 22.5, "axis": "y", "origin": [2.37606, 0.45, 13.06845]},
			"faces": {
				"north": {"uv": [12, 0, 13, 3], "texture": "#1"},
				"east": {"uv": [3, 0, 12.95, 3], "texture": "#1"},
				"south": {"uv": [2, 0, 3, 3], "texture": "#1"},
				"west": {"uv": [3, 0, 12.95, 3], "texture": "#1"},
				"up": {"uv": [1, 3, 2, 12.95], "rotation": 180, "texture": "#0"},
				"down": {"uv": [1, 3, 2, 12.95], "rotation": 180, "texture": "#0"}
			}
		},
		{
			"from": [0.79606, 0, 11.21845],
			"to": [4.79606, 0.9, 15.21845],
			"rotation": {"angle": 22.5, "axis": "y", "origin": [2.37606, 0.45, 13.06845]},
			"faces": {
				"north": {"uv": [3, 0, 13, 3], "texture": "#1"},
				"east": {"uv": [3, 0, 13, 3], "texture": "#1"},
				"south": {"uv": [3, 0, 13, 3], "texture": "#1"},
				"west": {"uv": [3, 0, 13, 3], "texture": "#1"},
				"up": {"uv": [2, 2, 14, 14], "rotation": 180, "texture": "#0"},
				"down": {"uv": [2, 2, 14, 14], "rotation": 180, "texture": "#0"}
			}
		},
		{
			"from": [4.80606, 0, 11.56845],
			"to": [5.14606, 0.9, 14.86845],
			"rotation": {"angle": 22.5, "axis": "y", "origin": [2.37606, 0.45, 13.06845]},
			"faces": {
				"north": {"uv": [12, 0, 13, 3], "texture": "#1"},
				"east": {"uv": [3, 0, 12.95, 3], "texture": "#1"},
				"south": {"uv": [2, 0, 3, 3], "texture": "#1"},
				"west": {"uv": [2, 0, 13.95, 4], "texture": "#1"},
				"up": {"uv": [1, 3, 2, 12.95], "rotation": 180, "texture": "#0"},
				"down": {"uv": [1, 3, 2, 12.95], "rotation": 180, "texture": "#0"}
			}
		},
		{
			"from": [1.12606, 0, 10.87345],
			"to": [4.42606, 0.9, 11.21345],
			"rotation": {"angle": 22.5, "axis": "y", "origin": [2.37606, 0.45, 13.06845]},
			"faces": {
				"north": {"uv": [3, 0, 12.95, 3], "texture": "#1"},
				"east": {"uv": [2, 0, 3, 3], "texture": "#1"},
				"south": {"uv": [2, 0, 13.95, 4], "texture": "#1"},
				"west": {"uv": [12, 0, 13, 3], "texture": "#1"},
				"up": {"uv": [1, 3, 2, 12.95], "rotation": 90, "texture": "#0"},
				"down": {"uv": [1, 3, 2, 12.95], "rotation": 270, "texture": "#0"}
			}
		},
		{
			"from": [1.15106, 0, 15.22345],
			"to": [4.45106, 0.9, 15.56345],
			"rotation": {"angle": 22.5, "axis": "y", "origin": [2.37606, 0.45, 13.06845]},
			"faces": {
				"north": {"uv": [3, 0, 12.95, 3], "texture": "#1"},
				"east": {"uv": [2, 0, 3, 3], "texture": "#1"},
				"south": {"uv": [2, 0, 13.95, 3], "texture": "#1"},
				"west": {"uv": [12, 0, 13, 3], "texture": "#1"},
				"up": {"uv": [1, 3, 2, 12.95], "rotation": 90, "texture": "#0"},
				"down": {"uv": [1, 3, 2, 12.95], "rotation": 270, "texture": "#0"}
			}
		},
		{
			"from": [15.48106, 0, 0.91845],
			"to": [15.82106, 0.9, 4.21845],
			"rotation": {"angle": 0, "axis": "y", "origin": [13.67606, 0.15, 13.31845]},
			"faces": {
				"north": {"uv": [2, 0, 3, 3], "texture": "#1"},
				"east": {"uv": [3, 0, 12.95, 3], "texture": "#1"},
				"south": {"uv": [12, 0, 13, 3], "texture": "#1"},
				"west": {"uv": [3, 0, 12.95, 3], "texture": "#1"},
				"up": {"uv": [1, 3, 2, 12.95], "texture": "#0"},
				"down": {"uv": [1, 3, 2, 12.95], "texture": "#0"}
			}
		},
		{
			"from": [11.48106, 0, 0.56845],
			"to": [15.48106, 0.9, 4.56845],
			"rotation": {"angle": 0, "axis": "y", "origin": [13.67606, 0.15, 13.31845]},
			"faces": {
				"north": {"uv": [3, 0, 13, 3], "texture": "#1"},
				"east": {"uv": [3, 0, 13, 3], "texture": "#1"},
				"south": {"uv": [3, 0, 13, 3], "texture": "#1"},
				"west": {"uv": [3, 0, 13, 3], "texture": "#1"},
				"up": {"uv": [2, 2, 14, 14], "texture": "#0"},
				"down": {"uv": [2, 2, 14, 14], "texture": "#0"}
			}
		},
		{
			"from": [11.13106, 0, 0.91845],
			"to": [11.47106, 0.9, 4.21845],
			"rotation": {"angle": 0, "axis": "y", "origin": [13.67606, 0.15, 13.31845]},
			"faces": {
				"north": {"uv": [2, 0, 3, 3], "texture": "#1"},
				"east": {"uv": [2, 0, 13.95, 4], "texture": "#1"},
				"south": {"uv": [12, 0, 13, 3], "texture": "#1"},
				"west": {"uv": [3, 0, 12.95, 3], "texture": "#1"},
				"up": {"uv": [1, 3, 2, 12.95], "texture": "#0"},
				"down": {"uv": [1, 3, 2, 12.95], "texture": "#0"}
			}
		},
		{
			"from": [11.85106, 0, 4.57345],
			"to": [15.15106, 0.9, 4.91345],
			"rotation": {"angle": 0, "axis": "y", "origin": [13.67606, 0.15, 13.31845]},
			"faces": {
				"north": {"uv": [2, 0, 13.95, 4], "texture": "#1"},
				"east": {"uv": [12, 0, 13, 3], "texture": "#1"},
				"south": {"uv": [3, 0, 12.95, 3], "texture": "#1"},
				"west": {"uv": [2, 0, 3, 3], "texture": "#1"},
				"up": {"uv": [1, 3, 2, 12.95], "rotation": 270, "texture": "#0"},
				"down": {"uv": [1, 3, 2, 12.95], "rotation": 90, "texture": "#0"}
			}
		},
		{
			"from": [11.82606, 0, 0.22345],
			"to": [15.12606, 0.9, 0.56345],
			"rotation": {"angle": 0, "axis": "y", "origin": [13.67606, 0.15, 13.31845]},
			"faces": {
				"north": {"uv": [2, 0, 13.95, 3], "texture": "#1"},
				"east": {"uv": [12, 0, 13, 3], "texture": "#1"},
				"south": {"uv": [3, 0, 12.95, 3], "texture": "#1"},
				"west": {"uv": [2, 0, 3, 3], "texture": "#1"},
				"up": {"uv": [1, 3, 2, 12.95], "rotation": 270, "texture": "#0"},
				"down": {"uv": [1, 3, 2, 12.95], "rotation": 90, "texture": "#0"}
			}
		}
	],
	"groups": [
		{
			"name": "stack1",
			"origin": [0, 0, 0],
			"color": 0,
			"children": [0, 1, 2, 3, 4, 5, 6, 7, 8, 9, 10, 11, 12, 13, 14, 15, 16, 17, 18, 19, 20, 21, 22, 23, 24, 25, 26, 27, 28, 29]
		},
		{
			"name": "stack2",
			"origin": [0, 0, 0],
			"color": 0,
			"children": [30, 31, 32, 33, 34, 35, 36, 37, 38, 39, 40, 41, 42, 43, 44, 45, 46, 47, 48, 49]
		},
		{
			"name": "stack3",
			"origin": [0, 0, 0],
			"color": 0,
			"children": [50, 51, 52, 53, 54, 55, 56, 57, 58, 59]
		},
		{
			"name": "stack4",
			"origin": [0, 0, 0],
			"color": 0,
			"children": [60, 61, 62, 63, 64, 65, 66, 67, 68, 69, 70, 71, 72, 73, 74]
		},
		{
			"name": "ssw1",
			"origin": [1.82, 1, 5],
			"color": 0,
			"children": [75, 76, 77, 78, 79]
		},
		{
			"name": "ssw3",
			"origin": [1.82, 1, 5],
			"color": 0,
			"children": [80, 81, 82, 83, 84, 85, 86, 87, 88, 89]
		},
		{
			"name": "ssw3",
			"origin": [1.82, 1, 5],
			"color": 0,
			"children": [90, 91, 92, 93, 94]
		},
		{
			"name": "ssw3",
			"origin": [1.82, 1, 5],
			"color": 0,
			"children": [95, 96, 97, 98, 99]
		}
	]
}