{
	"credit": "Made with Blockbench",
	"texture_size": [32, 32],
	"textures": {
		"0": "block/creepto_top_emerald",
		"1": "block/creepto_side_emerald",
		"particle": "block/creepto_top_emerald"
	},
	"elements": [
		{
			"from": [1.47523, 0, 3.06773],
			"to": [5.47523, 2, 7.06773],
			"rotation": {"angle": 0, "axis": "y", "origin": [2.79706, 5.375, 2.82215]},
			"faces": {
				"north": {"uv": [3, 0, 13, 7], "texture": "#1"},
				"east": {"uv": [3, 0, 13, 7], "texture": "#1"},
				"south": {"uv": [3, 0, 13, 7], "texture": "#1"},
				"west": {"uv": [3, 0, 13, 7], "texture": "#1"},
				"up": {"uv": [2, 2, 14, 14], "texture": "#0"},
				"down": {"uv": [2, 2, 14, 14], "texture": "#0"}
			}
		},
		{
			"from": [1.12523, 0, 3.41773],
			"to": [1.46523, 2, 6.71773],
			"rotation": {"angle": 0, "axis": "y", "origin": [2.79706, 5.375, 2.82215]},
			"faces": {
				"north": {"uv": [2, 0, 3, 7], "texture": "#1"},
				"east": {"uv": [2, 0, 13.95, 8], "texture": "#1"},
				"south": {"uv": [12, 0, 13, 7], "texture": "#1"},
				"west": {"uv": [3, 0, 12.95, 7], "texture": "#1"},
				"up": {"uv": [1, 3, 2, 12.95], "texture": "#0"},
				"down": {"uv": [1, 3, 2, 12.95], "texture": "#0"}
			}
		},
		{
			"from": [1.84523, 0, 7.07273],
			"to": [5.14523, 2, 7.41273],
			"rotation": {"angle": 0, "axis": "y", "origin": [2.79706, 5.375, 2.82215]},
			"faces": {
				"north": {"uv": [2, 0, 13.95, 8], "texture": "#1"},
				"east": {"uv": [12, 0, 13, 7], "texture": "#1"},
				"south": {"uv": [3, 0, 12.95, 7], "texture": "#1"},
				"west": {"uv": [2, 0, 3, 7], "texture": "#1"},
				"up": {"uv": [1, 3, 2, 12.95], "rotation": 270, "texture": "#0"},
				"down": {"uv": [1, 3, 2, 12.95], "rotation": 90, "texture": "#0"}
			}
		},
		{
			"from": [1.82023, 0, 2.72273],
			"to": [5.12023, 2, 3.06273],
			"rotation": {"angle": 0, "axis": "y", "origin": [2.79706, 5.375, 2.82215]},
			"faces": {
				"north": {"uv": [2, 0, 13.95, 7], "texture": "#1"},
				"east": {"uv": [12, 0, 13, 7], "texture": "#1"},
				"south": {"uv": [3, 0, 12.95, 7], "texture": "#1"},
				"west": {"uv": [2, 0, 3, 7], "texture": "#1"},
				"up": {"uv": [1, 3, 2, 12.95], "rotation": 270, "texture": "#0"},
				"down": {"uv": [1, 3, 2, 12.95], "rotation": 90, "texture": "#0"}
			}
		},
		{
			"from": [5.47523, 0, 3.41773],
			"to": [5.81523, 2, 6.71773],
			"rotation": {"angle": 0, "axis": "y", "origin": [2.79706, 5.375, 2.82215]},
			"faces": {
				"north": {"uv": [2, 0, 3, 7], "texture": "#1"},
				"east": {"uv": [3, 0, 12.95, 7], "texture": "#1"},
				"south": {"uv": [12, 0, 13, 7], "texture": "#1"},
				"west": {"uv": [3, 0, 12.95, 7], "texture": "#1"},
				"up": {"uv": [1, 3, 2, 12.95], "texture": "#0"},
				"down": {"uv": [1, 3, 2, 12.95], "texture": "#0"}
			}
		},
		{
			"from": [1.47523, 1.75, 3.06773],
			"to": [5.47523, 3.75, 7.06773],
			"rotation": {"angle": 0, "axis": "y", "origin": [2.79706, 5.375, 2.82215]},
			"faces": {
				"north": {"uv": [3, 0, 13, 7], "texture": "#1"},
				"east": {"uv": [3, 0, 13, 7], "texture": "#1"},
				"south": {"uv": [3, 0, 13, 7], "texture": "#1"},
				"west": {"uv": [3, 0, 13, 7], "texture": "#1"},
				"up": {"uv": [2, 2, 14, 14], "texture": "#0"},
				"down": {"uv": [2, 2, 14, 14], "texture": "#0"}
			}
		},
		{
			"from": [1.12523, 1.75, 3.41773],
			"to": [1.46523, 3.75, 6.71773],
			"rotation": {"angle": 0, "axis": "y", "origin": [2.79706, 5.375, 2.82215]},
			"faces": {
				"north": {"uv": [2, 0, 3, 7], "texture": "#1"},
				"east": {"uv": [2, 0, 13.95, 8], "texture": "#1"},
				"south": {"uv": [12, 0, 13, 7], "texture": "#1"},
				"west": {"uv": [3, 0, 12.95, 7], "texture": "#1"},
				"up": {"uv": [1, 3, 2, 12.95], "texture": "#0"},
				"down": {"uv": [1, 3, 2, 12.95], "texture": "#0"}
			}
		},
		{
			"from": [1.84523, 1.75, 7.07273],
			"to": [5.14523, 3.75, 7.41273],
			"rotation": {"angle": 0, "axis": "y", "origin": [2.79706, 5.375, 2.82215]},
			"faces": {
				"north": {"uv": [2, 0, 13.95, 8], "texture": "#1"},
				"east": {"uv": [12, 0, 13, 7], "texture": "#1"},
				"south": {"uv": [3, 0, 12.95, 7], "texture": "#1"},
				"west": {"uv": [2, 0, 3, 7], "texture": "#1"},
				"up": {"uv": [1, 3, 2, 12.95], "rotation": 270, "texture": "#0"},
				"down": {"uv": [1, 3, 2, 12.95], "rotation": 90, "texture": "#0"}
			}
		},
		{
			"from": [1.82023, 1.75, 2.72273],
			"to": [5.12023, 3.75, 3.06273],
			"rotation": {"angle": 0, "axis": "y", "origin": [2.79706, 5.375, 2.82215]},
			"faces": {
				"north": {"uv": [2, 0, 13.95, 7], "texture": "#1"},
				"east": {"uv": [12, 0, 13, 7], "texture": "#1"},
				"south": {"uv": [3, 0, 12.95, 7], "texture": "#1"},
				"west": {"uv": [2, 0, 3, 7], "texture": "#1"},
				"up": {"uv": [1, 3, 2, 12.95], "rotation": 270, "texture": "#0"},
				"down": {"uv": [1, 3, 2, 12.95], "rotation": 90, "texture": "#0"}
			}
		},
		{
			"from": [5.47523, 1.75, 3.41773],
			"to": [5.81523, 3.75, 6.71773],
			"rotation": {"angle": 0, "axis": "y", "origin": [2.79706, 5.375, 2.82215]},
			"faces": {
				"north": {"uv": [2, 0, 3, 7], "texture": "#1"},
				"east": {"uv": [3, 0, 12.95, 7], "texture": "#1"},
				"south": {"uv": [12, 0, 13, 7], "texture": "#1"},
				"west": {"uv": [3, 0, 12.95, 7], "texture": "#1"},
				"up": {"uv": [1, 3, 2, 12.95], "texture": "#0"},
				"down": {"uv": [1, 3, 2, 12.95], "texture": "#0"}
			}
		},
		{
			"from": [1.47523, 3.5, 3.06773],
			"to": [5.47523, 5.5, 7.06773],
			"rotation": {"angle": 0, "axis": "y", "origin": [2.79706, 5.375, 2.82215]},
			"faces": {
				"north": {"uv": [3, 0, 13, 7], "texture": "#1"},
				"east": {"uv": [3, 0, 13, 7], "texture": "#1"},
				"south": {"uv": [3, 0, 13, 7], "texture": "#1"},
				"west": {"uv": [3, 0, 13, 7], "texture": "#1"},
				"up": {"uv": [2, 2, 14, 14], "texture": "#0"},
				"down": {"uv": [2, 2, 14, 14], "texture": "#0"}
			}
		},
		{
			"from": [1.12523, 3.5, 3.41773],
			"to": [1.46523, 5.5, 6.71773],
			"rotation": {"angle": 0, "axis": "y", "origin": [2.79706, 5.375, 2.82215]},
			"faces": {
				"north": {"uv": [2, 0, 3, 7], "texture": "#1"},
				"east": {"uv": [2, 0, 13.95, 8], "texture": "#1"},
				"south": {"uv": [12, 0, 13, 7], "texture": "#1"},
				"west": {"uv": [3, 0, 12.95, 7], "texture": "#1"},
				"up": {"uv": [1, 3, 2, 12.95], "texture": "#0"},
				"down": {"uv": [1, 3, 2, 12.95], "texture": "#0"}
			}
		},
		{
			"from": [1.84523, 3.5, 7.07273],
			"to": [5.14523, 5.5, 7.41273],
			"rotation": {"angle": 0, "axis": "y", "origin": [2.79706, 5.375, 2.82215]},
			"faces": {
				"north": {"uv": [2, 0, 13.95, 8], "texture": "#1"},
				"east": {"uv": [12, 0, 13, 7], "texture": "#1"},
				"south": {"uv": [3, 0, 12.95, 7], "texture": "#1"},
				"west": {"uv": [2, 0, 3, 7], "texture": "#1"},
				"up": {"uv": [1, 3, 2, 12.95], "rotation": 270, "texture": "#0"},
				"down": {"uv": [1, 3, 2, 12.95], "rotation": 90, "texture": "#0"}
			}
		},
		{
			"from": [1.82023, 3.5, 2.72273],
			"to": [5.12023, 5.5, 3.06273],
			"rotation": {"angle": 0, "axis": "y", "origin": [2.79706, 5.375, 2.82215]},
			"faces": {
				"north": {"uv": [2, 0, 13.95, 7], "texture": "#1"},
				"east": {"uv": [12, 0, 13, 7], "texture": "#1"},
				"south": {"uv": [3, 0, 12.95, 7], "texture": "#1"},
				"west": {"uv": [2, 0, 3, 7], "texture": "#1"},
				"up": {"uv": [1, 3, 2, 12.95], "rotation": 270, "texture": "#0"},
				"down": {"uv": [1, 3, 2, 12.95], "rotation": 90, "texture": "#0"}
			}
		},
		{
			"from": [5.47523, 3.5, 3.41773],
			"to": [5.81523, 5.5, 6.71773],
			"rotation": {"angle": 0, "axis": "y", "origin": [2.79706, 5.375, 2.82215]},
			"faces": {
				"north": {"uv": [2, 0, 3, 7], "texture": "#1"},
				"east": {"uv": [3, 0, 12.95, 7], "texture": "#1"},
				"south": {"uv": [12, 0, 13, 7], "texture": "#1"},
				"west": {"uv": [3, 0, 12.95, 7], "texture": "#1"},
				"up": {"uv": [1, 3, 2, 12.95], "texture": "#0"},
				"down": {"uv": [1, 3, 2, 12.95], "texture": "#0"}
			}
		},
		{
			"from": [1.47523, 5.25, 3.06773],
			"to": [5.47523, 7.25, 7.06773],
			"rotation": {"angle": 0, "axis": "y", "origin": [2.79706, 5.375, 2.82215]},
			"faces": {
				"north": {"uv": [3, 0, 13, 7], "texture": "#1"},
				"east": {"uv": [3, 0, 13, 7], "texture": "#1"},
				"south": {"uv": [3, 0, 13, 7], "texture": "#1"},
				"west": {"uv": [3, 0, 13, 7], "texture": "#1"},
				"up": {"uv": [2, 2, 14, 14], "texture": "#0"},
				"down": {"uv": [2, 2, 14, 14], "texture": "#0"}
			}
		},
		{
			"from": [1.12523, 5.25, 3.41773],
			"to": [1.46523, 7.25, 6.71773],
			"rotation": {"angle": 0, "axis": "y", "origin": [2.79706, 5.375, 2.82215]},
			"faces": {
				"north": {"uv": [2, 0, 3, 7], "texture": "#1"},
				"east": {"uv": [2, 0, 13.95, 8], "texture": "#1"},
				"south": {"uv": [12, 0, 13, 7], "texture": "#1"},
				"west": {"uv": [3, 0, 12.95, 7], "texture": "#1"},
				"up": {"uv": [1, 3, 2, 12.95], "texture": "#0"},
				"down": {"uv": [1, 3, 2, 12.95], "texture": "#0"}
			}
		},
		{
			"from": [1.84523, 5.25, 7.07273],
			"to": [5.14523, 7.25, 7.41273],
			"rotation": {"angle": 0, "axis": "y", "origin": [2.79706, 5.375, 2.82215]},
			"faces": {
				"north": {"uv": [2, 0, 13.95, 8], "texture": "#1"},
				"east": {"uv": [12, 0, 13, 7], "texture": "#1"},
				"south": {"uv": [3, 0, 12.95, 7], "texture": "#1"},
				"west": {"uv": [2, 0, 3, 7], "texture": "#1"},
				"up": {"uv": [1, 3, 2, 12.95], "rotation": 270, "texture": "#0"},
				"down": {"uv": [1, 3, 2, 12.95], "rotation": 90, "texture": "#0"}
			}
		},
		{
			"from": [1.82023, 5.25, 2.72273],
			"to": [5.12023, 7.25, 3.06273],
			"rotation": {"angle": 0, "axis": "y", "origin": [2.79706, 5.375, 2.82215]},
			"faces": {
				"north": {"uv": [2, 0, 13.95, 7], "texture": "#1"},
				"east": {"uv": [12, 0, 13, 7], "texture": "#1"},
				"south": {"uv": [3, 0, 12.95, 7], "texture": "#1"},
				"west": {"uv": [2, 0, 3, 7], "texture": "#1"},
				"up": {"uv": [1, 3, 2, 12.95], "rotation": 270, "texture": "#0"},
				"down": {"uv": [1, 3, 2, 12.95], "rotation": 90, "texture": "#0"}
			}
		},
		{
			"from": [5.47523, 5.25, 3.41773],
			"to": [5.81523, 7.25, 6.71773],
			"rotation": {"angle": 0, "axis": "y", "origin": [2.79706, 5.375, 2.82215]},
			"faces": {
				"north": {"uv": [2, 0, 3, 7], "texture": "#1"},
				"east": {"uv": [3, 0, 12.95, 7], "texture": "#1"},
				"south": {"uv": [12, 0, 13, 7], "texture": "#1"},
				"west": {"uv": [3, 0, 12.95, 7], "texture": "#1"},
				"up": {"uv": [1, 3, 2, 12.95], "texture": "#0"},
				"down": {"uv": [1, 3, 2, 12.95], "texture": "#0"}
			}
		},
		{
			"from": [1.47523, 7, 3.06773],
			"to": [5.47523, 9, 7.06773],
			"rotation": {"angle": 0, "axis": "y", "origin": [2.79706, 5.375, 2.82215]},
			"faces": {
				"north": {"uv": [3, 0, 13, 7], "texture": "#1"},
				"east": {"uv": [3, 0, 13, 7], "texture": "#1"},
				"south": {"uv": [3, 0, 13, 7], "texture": "#1"},
				"west": {"uv": [3, 0, 13, 7], "texture": "#1"},
				"up": {"uv": [2, 2, 14, 14], "texture": "#0"},
				"down": {"uv": [2, 2, 14, 14], "texture": "#0"}
			}
		},
		{
			"from": [1.12523, 7, 3.41773],
			"to": [1.46523, 9, 6.71773],
			"rotation": {"angle": 0, "axis": "y", "origin": [2.79706, 5.375, 2.82215]},
			"faces": {
				"north": {"uv": [2, 0, 3, 7], "texture": "#1"},
				"east": {"uv": [2, 0, 13.95, 8], "texture": "#1"},
				"south": {"uv": [12, 0, 13, 7], "texture": "#1"},
				"west": {"uv": [3, 0, 12.95, 7], "texture": "#1"},
				"up": {"uv": [1, 3, 2, 12.95], "texture": "#0"},
				"down": {"uv": [1, 3, 2, 12.95], "texture": "#0"}
			}
		},
		{
			"from": [1.84523, 7, 7.07273],
			"to": [5.14523, 9, 7.41273],
			"rotation": {"angle": 0, "axis": "y", "origin": [2.79706, 5.375, 2.82215]},
			"faces": {
				"north": {"uv": [2, 0, 13.95, 8], "texture": "#1"},
				"east": {"uv": [12, 0, 13, 7], "texture": "#1"},
				"south": {"uv": [3, 0, 12.95, 7], "texture": "#1"},
				"west": {"uv": [2, 0, 3, 7], "texture": "#1"},
				"up": {"uv": [1, 3, 2, 12.95], "rotation": 270, "texture": "#0"},
				"down": {"uv": [1, 3, 2, 12.95], "rotation": 90, "texture": "#0"}
			}
		},
		{
			"from": [1.82023, 7, 2.72273],
			"to": [5.12023, 9, 3.06273],
			"rotation": {"angle": 0, "axis": "y", "origin": [2.79706, 5.375, 2.82215]},
			"faces": {
				"north": {"uv": [2, 0, 13.95, 7], "texture": "#1"},
				"east": {"uv": [12, 0, 13, 7], "texture": "#1"},
				"south": {"uv": [3, 0, 12.95, 7], "texture": "#1"},
				"west": {"uv": [2, 0, 3, 7], "texture": "#1"},
				"up": {"uv": [1, 3, 2, 12.95], "rotation": 270, "texture": "#0"},
				"down": {"uv": [1, 3, 2, 12.95], "rotation": 90, "texture": "#0"}
			}
		},
		{
			"from": [5.47523, 7, 3.41773],
			"to": [5.81523, 9, 6.71773],
			"rotation": {"angle": 0, "axis": "y", "origin": [2.79706, 5.375, 2.82215]},
			"faces": {
				"north": {"uv": [2, 0, 3, 7], "texture": "#1"},
				"east": {"uv": [3, 0, 12.95, 7], "texture": "#1"},
				"south": {"uv": [12, 0, 13, 7], "texture": "#1"},
				"west": {"uv": [3, 0, 12.95, 7], "texture": "#1"},
				"up": {"uv": [1, 3, 2, 12.95], "texture": "#0"},
				"down": {"uv": [1, 3, 2, 12.95], "texture": "#0"}
			}
		},
		{
			"from": [7.89904, 1.75, 4.3973],
			"to": [11.89904, 3.75, 8.3973],
			"rotation": {"angle": 45, "axis": "y", "origin": [7.90029, 2.75, 2.85355]},
			"faces": {
				"north": {"uv": [3, 0, 13, 7], "texture": "#1"},
				"east": {"uv": [3, 0, 13, 7], "texture": "#1"},
				"south": {"uv": [3, 0, 13, 7], "texture": "#1"},
				"west": {"uv": [3, 0, 13, 7], "texture": "#1"},
				"up": {"uv": [2, 2, 14, 14], "texture": "#0"},
				"down": {"uv": [2, 2, 14, 14], "texture": "#0"}
			}
		},
		{
			"from": [7.54904, 1.75, 4.7473],
			"to": [7.88904, 3.75, 8.0473],
			"rotation": {"angle": 45, "axis": "y", "origin": [7.90029, 2.75, 2.85355]},
			"faces": {
				"north": {"uv": [2, 0, 3, 7], "texture": "#1"},
				"east": {"uv": [2, 0, 13.95, 8], "texture": "#1"},
				"south": {"uv": [12, 0, 13, 7], "texture": "#1"},
				"west": {"uv": [3, 0, 12.95, 7], "texture": "#1"},
				"up": {"uv": [1, 3, 2, 12.95], "texture": "#0"},
				"down": {"uv": [1, 3, 2, 12.95], "texture": "#0"}
			}
		},
		{
			"from": [8.26904, 1.75, 8.4023],
			"to": [11.56904, 3.75, 8.7423],
			"rotation": {"angle": 45, "axis": "y", "origin": [7.90029, 2.75, 2.85355]},
			"faces": {
				"north": {"uv": [2, 0, 13.95, 8], "texture": "#1"},
				"east": {"uv": [12, 0, 13, 7], "texture": "#1"},
				"south": {"uv": [3, 0, 12.95, 7], "texture": "#1"},
				"west": {"uv": [2, 0, 3, 7], "texture": "#1"},
				"up": {"uv": [1, 3, 2, 12.95], "rotation": 270, "texture": "#0"},
				"down": {"uv": [1, 3, 2, 12.95], "rotation": 90, "texture": "#0"}
			}
		},
		{
			"from": [8.24404, 1.75, 4.0523],
			"to": [11.54404, 3.75, 4.3923],
			"rotation": {"angle": 45, "axis": "y", "origin": [7.90029, 2.75, 2.85355]},
			"faces": {
				"north": {"uv": [2, 0, 13.95, 7], "texture": "#1"},
				"east": {"uv": [12, 0, 13, 7], "texture": "#1"},
				"south": {"uv": [3, 0, 12.95, 7], "texture": "#1"},
				"west": {"uv": [2, 0, 3, 7], "texture": "#1"},
				"up": {"uv": [1, 3, 2, 12.95], "rotation": 270, "texture": "#0"},
				"down": {"uv": [1, 3, 2, 12.95], "rotation": 90, "texture": "#0"}
			}
		},
		{
			"from": [11.89904, 1.75, 4.7473],
			"to": [12.23904, 3.75, 8.0473],
			"rotation": {"angle": 45, "axis": "y", "origin": [7.90029, 2.75, 2.85355]},
			"faces": {
				"north": {"uv": [2, 0, 3, 7], "texture": "#1"},
				"east": {"uv": [3, 0, 12.95, 7], "texture": "#1"},
				"south": {"uv": [12, 0, 13, 7], "texture": "#1"},
				"west": {"uv": [3, 0, 12.95, 7], "texture": "#1"},
				"up": {"uv": [1, 3, 2, 12.95], "texture": "#0"},
				"down": {"uv": [1, 3, 2, 12.95], "texture": "#0"}
			}
		},
		{
			"from": [11.89904, 3.5, 4.7473],
			"to": [12.23904, 5.5, 8.0473],
			"rotation": {"angle": 45, "axis": "y", "origin": [7.90029, 2.75, 2.85355]},
			"faces": {
				"north": {"uv": [2, 0, 3, 7], "texture": "#1"},
				"east": {"uv": [3, 0, 12.95, 7], "texture": "#1"},
				"south": {"uv": [12, 0, 13, 7], "texture": "#1"},
				"west": {"uv": [3, 0, 12.95, 7], "texture": "#1"},
				"up": {"uv": [1, 3, 2, 12.95], "texture": "#0"},
				"down": {"uv": [1, 3, 2, 12.95], "texture": "#0"}
			}
		},
		{
			"from": [8.24404, 3.5, 4.0523],
			"to": [11.54404, 5.5, 4.3923],
			"rotation": {"angle": 45, "axis": "y", "origin": [7.90029, 2.75, 2.85355]},
			"faces": {
				"north": {"uv": [2, 0, 13.95, 7], "texture": "#1"},
				"east": {"uv": [12, 0, 13, 7], "texture": "#1"},
				"south": {"uv": [3, 0, 12.95, 7], "texture": "#1"},
				"west": {"uv": [2, 0, 3, 7], "texture": "#1"},
				"up": {"uv": [1, 3, 2, 12.95], "rotation": 270, "texture": "#0"},
				"down": {"uv": [1, 3, 2, 12.95], "rotation": 90, "texture": "#0"}
			}
		},
		{
			"from": [8.26904, 3.5, 8.4023],
			"to": [11.56904, 5.5, 8.7423],
			"rotation": {"angle": 45, "axis": "y", "origin": [7.90029, 2.75, 2.85355]},
			"faces": {
				"north": {"uv": [2, 0, 13.95, 8], "texture": "#1"},
				"east": {"uv": [12, 0, 13, 7], "texture": "#1"},
				"south": {"uv": [3, 0, 12.95, 7], "texture": "#1"},
				"west": {"uv": [2, 0, 3, 7], "texture": "#1"},
				"up": {"uv": [1, 3, 2, 12.95], "rotation": 270, "texture": "#0"},
				"down": {"uv": [1, 3, 2, 12.95], "rotation": 90, "texture": "#0"}
			}
		},
		{
			"from": [7.54904, 3.5, 4.7473],
			"to": [7.88904, 5.5, 8.0473],
			"rotation": {"angle": 45, "axis": "y", "origin": [7.90029, 2.75, 2.85355]},
			"faces": {
				"north": {"uv": [2, 0, 3, 7], "texture": "#1"},
				"east": {"uv": [2, 0, 13.95, 8], "texture": "#1"},
				"south": {"uv": [12, 0, 13, 7], "texture": "#1"},
				"west": {"uv": [3, 0, 12.95, 7], "texture": "#1"},
				"up": {"uv": [1, 3, 2, 12.95], "texture": "#0"},
				"down": {"uv": [1, 3, 2, 12.95], "texture": "#0"}
			}
		},
		{
			"from": [7.89904, 3.5, 4.3973],
			"to": [11.89904, 5.5, 8.3973],
			"rotation": {"angle": 45, "axis": "y", "origin": [7.90029, 2.75, 2.85355]},
			"faces": {
				"north": {"uv": [3, 0, 13, 7], "texture": "#1"},
				"east": {"uv": [3, 0, 13, 7], "texture": "#1"},
				"south": {"uv": [3, 0, 13, 7], "texture": "#1"},
				"west": {"uv": [3, 0, 13, 7], "texture": "#1"},
				"up": {"uv": [2, 2, 14, 14], "texture": "#0"},
				"down": {"uv": [2, 2, 14, 14], "texture": "#0"}
			}
		},
		{
			"from": [7.89904, 0, 4.3973],
			"to": [11.89904, 2, 8.3973],
			"rotation": {"angle": 45, "axis": "y", "origin": [7.90029, 2.75, 2.85355]},
			"faces": {
				"north": {"uv": [3, 0, 13, 7], "texture": "#1"},
				"east": {"uv": [3, 0, 13, 7], "texture": "#1"},
				"south": {"uv": [3, 0, 13, 7], "texture": "#1"},
				"west": {"uv": [3, 0, 13, 7], "texture": "#1"},
				"up": {"uv": [2, 2, 14, 14], "texture": "#0"},
				"down": {"uv": [2, 2, 14, 14], "texture": "#0"}
			}
		},
		{
			"from": [7.54904, 0, 4.7473],
			"to": [7.88904, 2, 8.0473],
			"rotation": {"angle": 45, "axis": "y", "origin": [7.90029, 2.75, 2.85355]},
			"faces": {
				"north": {"uv": [2, 0, 3, 7], "texture": "#1"},
				"east": {"uv": [2, 0, 13.95, 8], "texture": "#1"},
				"south": {"uv": [12, 0, 13, 7], "texture": "#1"},
				"west": {"uv": [3, 0, 12.95, 7], "texture": "#1"},
				"up": {"uv": [1, 3, 2, 12.95], "texture": "#0"},
				"down": {"uv": [1, 3, 2, 12.95], "texture": "#0"}
			}
		},
		{
			"from": [8.26904, 0, 8.4023],
			"to": [11.56904, 2, 8.7423],
			"rotation": {"angle": 45, "axis": "y", "origin": [7.90029, 2.75, 2.85355]},
			"faces": {
				"north": {"uv": [2, 0, 13.95, 8], "texture": "#1"},
				"east": {"uv": [12, 0, 13, 7], "texture": "#1"},
				"south": {"uv": [3, 0, 12.95, 7], "texture": "#1"},
				"west": {"uv": [2, 0, 3, 7], "texture": "#1"},
				"up": {"uv": [1, 3, 2, 12.95], "rotation": 270, "texture": "#0"},
				"down": {"uv": [1, 3, 2, 12.95], "rotation": 90, "texture": "#0"}
			}
		},
		{
			"from": [8.24404, 0, 4.0523],
			"to": [11.54404, 2, 4.3923],
			"rotation": {"angle": 45, "axis": "y", "origin": [7.90029, 2.75, 2.85355]},
			"faces": {
				"north": {"uv": [2, 0, 13.95, 7], "texture": "#1"},
				"east": {"uv": [12, 0, 13, 7], "texture": "#1"},
				"south": {"uv": [3, 0, 12.95, 7], "texture": "#1"},
				"west": {"uv": [2, 0, 3, 7], "texture": "#1"},
				"up": {"uv": [1, 3, 2, 12.95], "rotation": 270, "texture": "#0"},
				"down": {"uv": [1, 3, 2, 12.95], "rotation": 90, "texture": "#0"}
			}
		},
		{
			"from": [11.89904, 0, 4.7473],
			"to": [12.23904, 2, 8.0473],
			"rotation": {"angle": 45, "axis": "y", "origin": [7.90029, 2.75, 2.85355]},
			"faces": {
				"north": {"uv": [2, 0, 3, 7], "texture": "#1"},
				"east": {"uv": [3, 0, 12.95, 7], "texture": "#1"},
				"south": {"uv": [12, 0, 13, 7], "texture": "#1"},
				"west": {"uv": [3, 0, 12.95, 7], "texture": "#1"},
				"up": {"uv": [1, 3, 2, 12.95], "texture": "#0"},
				"down": {"uv": [1, 3, 2, 12.95], "texture": "#0"}
			}
		},
		{
			"from": [6.81467, 0, 4.78614],
			"to": [10.81467, 2, 8.78614],
			"rotation": {"angle": 22.5, "axis": "y", "origin": [12.56151, 3.625, 7.78172]},
			"faces": {
				"north": {"uv": [3, 0, 13, 7], "texture": "#1"},
				"east": {"uv": [3, 0, 13, 7], "texture": "#1"},
				"south": {"uv": [3, 0, 13, 7], "texture": "#1"},
				"west": {"uv": [3, 0, 13, 7], "texture": "#1"},
				"up": {"uv": [2, 2, 14, 14], "texture": "#0"},
				"down": {"uv": [2, 2, 14, 14], "texture": "#0"}
			}
		},
		{
			"from": [6.46467, 0, 5.13614],
			"to": [6.80467, 2, 8.43614],
			"rotation": {"angle": 22.5, "axis": "y", "origin": [12.56151, 3.625, 7.78172]},
			"faces": {
				"north": {"uv": [2, 0, 3, 7], "texture": "#1"},
				"east": {"uv": [2, 0, 13.95, 8], "texture": "#1"},
				"south": {"uv": [12, 0, 13, 7], "texture": "#1"},
				"west": {"uv": [3, 0, 12.95, 7], "texture": "#1"},
				"up": {"uv": [1, 3, 2, 12.95], "texture": "#0"},
				"down": {"uv": [1, 3, 2, 12.95], "texture": "#0"}
			}
		},
		{
			"from": [7.18467, 0, 8.79114],
			"to": [10.48467, 2, 9.13114],
			"rotation": {"angle": 22.5, "axis": "y", "origin": [12.56151, 3.625, 7.78172]},
			"faces": {
				"north": {"uv": [2, 0, 13.95, 8], "texture": "#1"},
				"east": {"uv": [12, 0, 13, 7], "texture": "#1"},
				"south": {"uv": [3, 0, 12.95, 7], "texture": "#1"},
				"west": {"uv": [2, 0, 3, 7], "texture": "#1"},
				"up": {"uv": [1, 3, 2, 12.95], "rotation": 270, "texture": "#0"},
				"down": {"uv": [1, 3, 2, 12.95], "rotation": 90, "texture": "#0"}
			}
		},
		{
			"from": [7.15967, 0, 4.44114],
			"to": [10.45967, 2, 4.78114],
			"rotation": {"angle": 22.5, "axis": "y", "origin": [12.56151, 3.625, 7.78172]},
			"faces": {
				"north": {"uv": [2, 0, 13.95, 7], "texture": "#1"},
				"east": {"uv": [12, 0, 13, 7], "texture": "#1"},
				"south": {"uv": [3, 0, 12.95, 7], "texture": "#1"},
				"west": {"uv": [2, 0, 3, 7], "texture": "#1"},
				"up": {"uv": [1, 3, 2, 12.95], "rotation": 270, "texture": "#0"},
				"down": {"uv": [1, 3, 2, 12.95], "rotation": 90, "texture": "#0"}
			}
		},
		{
			"from": [10.81467, 0, 5.13614],
			"to": [11.15467, 2, 8.43614],
			"rotation": {"angle": 22.5, "axis": "y", "origin": [12.56151, 3.625, 7.78172]},
			"faces": {
				"north": {"uv": [2, 0, 3, 7], "texture": "#1"},
				"east": {"uv": [3, 0, 12.95, 7], "texture": "#1"},
				"south": {"uv": [12, 0, 13, 7], "texture": "#1"},
				"west": {"uv": [3, 0, 12.95, 7], "texture": "#1"},
				"up": {"uv": [1, 3, 2, 12.95], "texture": "#0"},
				"down": {"uv": [1, 3, 2, 12.95], "texture": "#0"}
			}
		},
		{
			"from": [13.8974, 0, 11.48142],
			"to": [14.2374, 0.3, 14.78142],
			"rotation": {"angle": -22.5, "axis": "y", "origin": [13.14865, 0.15, 13.13767]},
			"faces": {
				"north": {"uv": [2, 0, 3, 1], "texture": "#1"},
				"east": {"uv": [3, 0, 12.95, 1], "texture": "#1"},
				"south": {"uv": [12, 0, 13, 1], "texture": "#1"},
				"west": {"uv": [3, 0, 12.95, 1], "texture": "#1"},
				"up": {"uv": [1, 3, 2, 12.95], "texture": "#0"},
				"down": {"uv": [1, 3, 2, 12.95], "texture": "#0"}
			}
		},
		{
			"from": [9.8974, 0, 11.13142],
			"to": [13.8974, 0.3, 15.13142],
			"rotation": {"angle": -22.5, "axis": "y", "origin": [13.14865, 0.15, 13.13767]},
			"faces": {
				"north": {"uv": [3, 0, 13, 1], "texture": "#1"},
				"east": {"uv": [3, 0, 13, 1], "texture": "#1"},
				"south": {"uv": [3, 0, 13, 1], "texture": "#1"},
				"west": {"uv": [3, 0, 13, 1], "texture": "#1"},
				"up": {"uv": [2, 2, 14, 14], "texture": "#0"},
				"down": {"uv": [2, 2, 14, 14], "texture": "#0"}
			}
		},
		{
			"from": [9.5474, 0, 11.48142],
			"to": [9.8874, 0.3, 14.78142],
			"rotation": {"angle": -22.5, "axis": "y", "origin": [13.14865, 0.15, 13.13767]},
			"faces": {
				"north": {"uv": [2, 0, 3, 1], "texture": "#1"},
				"east": {"uv": [2, 0, 13.95, 2], "texture": "#1"},
				"south": {"uv": [12, 0, 13, 1], "texture": "#1"},
				"west": {"uv": [3, 0, 12.95, 1], "texture": "#1"},
				"up": {"uv": [1, 3, 2, 12.95], "texture": "#0"},
				"down": {"uv": [1, 3, 2, 12.95], "texture": "#0"}
			}
		},
		{
			"from": [10.2674, 0, 15.13642],
			"to": [13.5674, 0.3, 15.47642],
			"rotation": {"angle": -22.5, "axis": "y", "origin": [13.14865, 0.15, 13.13767]},
			"faces": {
				"north": {"uv": [2, 0, 13.95, 2], "texture": "#1"},
				"east": {"uv": [12, 0, 13, 1], "texture": "#1"},
				"south": {"uv": [3, 0, 12.95, 1], "texture": "#1"},
				"west": {"uv": [2, 0, 3, 1], "texture": "#1"},
				"up": {"uv": [1, 3, 2, 12.95], "rotation": 270, "texture": "#0"},
				"down": {"uv": [1, 3, 2, 12.95], "rotation": 90, "texture": "#0"}
			}
		},
		{
			"from": [10.2424, 0, 10.78642],
			"to": [13.5424, 0.3, 11.12642],
			"rotation": {"angle": -22.5, "axis": "y", "origin": [13.14865, 0.15, 13.13767]},
			"faces": {
				"north": {"uv": [2, 0, 13.95, 1], "texture": "#1"},
				"east": {"uv": [12, 0, 13, 1], "texture": "#1"},
				"south": {"uv": [3, 0, 12.95, 1], "texture": "#1"},
				"west": {"uv": [2, 0, 3, 1], "texture": "#1"},
				"up": {"uv": [1, 3, 2, 12.95], "rotation": 270, "texture": "#0"},
				"down": {"uv": [1, 3, 2, 12.95], "rotation": 90, "texture": "#0"}
			}
		},
		{
			"from": [6.23106, 0, 9.91845],
			"to": [6.57106, 0.9, 13.21845],
			"rotation": {"angle": 0, "axis": "y", "origin": [13.67606, 0.15, 13.31845]},
			"faces": {
				"north": {"uv": [2, 0, 3, 3], "texture": "#1"},
				"east": {"uv": [3, 0, 12.95, 3], "texture": "#1"},
				"south": {"uv": [12, 0, 13, 3], "texture": "#1"},
				"west": {"uv": [3, 0, 12.95, 3], "texture": "#1"},
				"up": {"uv": [1, 3, 2, 12.95], "texture": "#0"},
				"down": {"uv": [1, 3, 2, 12.95], "texture": "#0"}
			}
		},
		{
			"from": [2.23106, 0, 9.56845],
			"to": [6.23106, 0.9, 13.56845],
			"rotation": {"angle": 0, "axis": "y", "origin": [13.67606, 0.15, 13.31845]},
			"faces": {
				"north": {"uv": [3, 0, 13, 3], "texture": "#1"},
				"east": {"uv": [3, 0, 13, 3], "texture": "#1"},
				"south": {"uv": [3, 0, 13, 3], "texture": "#1"},
				"west": {"uv": [3, 0, 13, 3], "texture": "#1"},
				"up": {"uv": [2, 2, 14, 14], "texture": "#0"},
				"down": {"uv": [2, 2, 14, 14], "texture": "#0"}
			}
		},
		{
			"from": [1.88106, 0, 9.91845],
			"to": [2.22106, 0.9, 13.21845],
			"rotation": {"angle": 0, "axis": "y", "origin": [13.67606, 0.15, 13.31845]},
			"faces": {
				"north": {"uv": [2, 0, 3, 3], "texture": "#1"},
				"east": {"uv": [2, 0, 13.95, 4], "texture": "#1"},
				"south": {"uv": [12, 0, 13, 3], "texture": "#1"},
				"west": {"uv": [3, 0, 12.95, 3], "texture": "#1"},
				"up": {"uv": [1, 3, 2, 12.95], "texture": "#0"},
				"down": {"uv": [1, 3, 2, 12.95], "texture": "#0"}
			}
		},
		{
			"from": [2.60106, 0, 13.57345],
			"to": [5.90106, 0.9, 13.91345],
			"rotation": {"angle": 0, "axis": "y", "origin": [13.67606, 0.15, 13.31845]},
			"faces": {
				"north": {"uv": [2, 0, 13.95, 4], "texture": "#1"},
				"east": {"uv": [12, 0, 13, 3], "texture": "#1"},
				"south": {"uv": [3, 0, 12.95, 3], "texture": "#1"},
				"west": {"uv": [2, 0, 3, 3], "texture": "#1"},
				"up": {"uv": [1, 3, 2, 12.95], "rotation": 270, "texture": "#0"},
				"down": {"uv": [1, 3, 2, 12.95], "rotation": 90, "texture": "#0"}
			}
		},
		{
			"from": [2.57606, 0, 9.22345],
			"to": [5.87606, 0.9, 9.56345],
			"rotation": {"angle": 0, "axis": "y", "origin": [13.67606, 0.15, 13.31845]},
			"faces": {
				"north": {"uv": [2, 0, 13.95, 3], "texture": "#1"},
				"east": {"uv": [12, 0, 13, 3], "texture": "#1"},
				"south": {"uv": [3, 0, 12.95, 3], "texture": "#1"},
				"west": {"uv": [2, 0, 3, 3], "texture": "#1"},
				"up": {"uv": [1, 3, 2, 12.95], "rotation": 270, "texture": "#0"},
				"down": {"uv": [1, 3, 2, 12.95], "rotation": 90, "texture": "#0"}
			}
		}
	],
	"groups": [
		{
			"name": "stack1",
			"origin": [0, 0, 0],
			"color": 0,
			"children": [0, 1, 2, 3, 4, 5, 6, 7, 8, 9, 10, 11, 12, 13, 14, 15, 16, 17, 18, 19, 20, 21, 22, 23, 24]
		},
		{
			"name": "stack2",
			"origin": [0, 0, 0],
			"color": 0,
			"children": [25, 26, 27, 28, 29, 30, 31, 32, 33, 34, 35, 36, 37, 38, 39]
		},
		{
			"name": "stack4",
			"origin": [0, 0, 0],
			"color": 0,
			"children": [40, 41, 42, 43, 44]
		},
		{
			"name": "ssw1",
			"origin": [1.82, 1, 5],
			"color": 0,
			"children": [45, 46, 47, 48, 49]
		},
		{
			"name": "ssw3",
			"origin": [1.82, 1, 5],
			"color": 0,
			"children": [50, 51, 52, 53, 54]
		}
	]
}