{
	"credit": "Made with Blockbench",
	"textures": {
		"6": "blockbench/texture_6",
		"7": "blockbench/texture_7",
		"8": "blockbench/texture_8",
		"particle": "blockbench/texture_0"
	},
	"elements": [
		{
			"from": [6.5, 0, 7],
			"to": [8, 1.5, 9],
			"faces": {
				"north": {"uv": [5, 6.75, 6, 7.75], "texture": "#7"},
				"east": {"uv": [8.5, 5.5, 9.5, 6.5], "texture": "#7"},
				"south": {"uv": [6, 6.75, 7, 7.75], "texture": "#7"},
				"west": {"uv": [8.5, 5.5, 9.5, 6.5], "texture": "#7"},
				"up": {"uv": [5, 6.75, 6, 7.75], "texture": "#7"},
				"down": {"uv": [5, 6.75, 6, 7.75], "texture": "#7"}
			}
		},
		{
			"from": [6.5, 5.5, 7],
			"to": [8, 7, 9],
			"faces": {
				"north": {"uv": [2.25, 0.25, 3.75, 1.75], "texture": "#7"},
				"east": {"uv": [2.25, 0.25, 3.75, 1.75], "texture": "#7"},
				"south": {"uv": [2.25, 0.25, 3.75, 1.75], "texture": "#7"},
				"west": {"uv": [2.25, 0.25, 3.75, 1.75], "texture": "#7"},
				"up": {"uv": [2.25, 0.25, 3.75, 1.75], "texture": "#7"},
				"down": {"uv": [2.25, 0.25, 3.75, 1.75], "texture": "#7"}
			}
		},
		{
			"from": [7, 1.5, 7],
			"to": [8, 5.5, 9],
			"faces": {
				"north": {"uv": [0, 2, 2, 10], "texture": "#8"},
				"east": {"uv": [0, 2, 2, 10], "texture": "#8"},
				"south": {"uv": [0, 2, 2, 10], "texture": "#8"},
				"west": {"uv": [0, 2, 2, 10], "texture": "#8"},
				"up": {"uv": [0, 2, 2, 10], "texture": "#8"},
				"down": {"uv": [0, 2, 2, 10], "texture": "#8"}
			}
		},
		{
			"from": [6.875, 1.25, 7.375],
			"to": [7.625, 20, 8.625],
			"faces": {
				"north": {"uv": [0, 0, 0.625, 13], "texture": "#6"},
				"east": {"uv": [0, 0, 0.625, 13], "texture": "#6"},
				"south": {"uv": [0, 0, 0.625, 13], "texture": "#6"},
				"west": {"uv": [0, 0, 0.625, 13], "texture": "#6"},
				"up": {"uv": [0, 0, 0.625, 13], "texture": "#6"},
				"down": {"uv": [0, 0, 0.625, 13], "texture": "#6"}
			}
		},
		{
			"from": [6.625, 1.25, 7.625],
			"to": [7.875, 20, 8.375],
			"faces": {
				"north": {"uv": [0, 0, 0.625, 13], "texture": "#6"},
				"east": {"uv": [0, 0, 0.625, 13], "texture": "#6"},
				"south": {"uv": [0, 0, 0.625, 13], "texture": "#6"},
				"west": {"uv": [0, 0, 0.625, 13], "texture": "#6"},
				"up": {"uv": [0, 0, 0.625, 13], "texture": "#6"},
				"down": {"uv": [0, 0, 0.625, 13], "texture": "#6"}
			}
		},
		{
			"from": [6.875, 20, 7.625],
			"to": [7.625, 20.2, 8.375],
			"faces": {
				"north": {"uv": [0, 0, 0.375, 0.3], "texture": "#6"},
				"east": {"uv": [0, 0, 0.375, 0.3], "texture": "#6"},
				"south": {"uv": [0, 0, 0.375, 0.3], "texture": "#6"},
				"west": {"uv": [0, 0, 0.375, 0.3], "texture": "#6"},
				"up": {"uv": [0, 0, 0.375, 0.3], "texture": "#6"},
				"down": {"uv": [0, 0, 0.375, 0.3], "texture": "#6"}
			}
		}
	],
	"display": {
		"thirdperson_righthand": {
			"rotation": [0, 90, 0],
			"translation": [0.25, 5.25, -0.75],
			"scale": [1, 1.43, 1]
		},
		"thirdperson_lefthand": {
			"rotation": [0, -90, 0],
			"translation": [0.25, 5.25, -0.75],
			"scale": [1, 1.43, 1]
		},
		"firstperson_righthand": {
			"rotation": [-19, 40, -6],
			"translation": [1.75, 6.25, 0],
			"scale": [1, 1.43, 1]
		},
		"firstperson_lefthand": {
			"rotation": [-19, -126, -6],
			"translation": [1.75, 6.25, 0],
			"scale": [1, 1.43, 1]
		},
		"ground": {
			"rotation": [-74, 91, -7],
			"translation": [0, -1.5, 0],
			"scale": [1, 1.43, 1]
		},
		"gui": {
			"rotation": [-6, -4, -27.5],
			"translation": [-0.75, -1.75, 0]
		},
		"fixed": {
			"rotation": [-6, -4, -27.5],
			"translation": [-0.75, -1.75, 0]
		}
	},
	"groups": [0, 1, 2,
		{
			"name": "group",
			"origin": [0, 0, 0],
			"children": [3, 4, 5]
		}
	]
}