{
	"credit": "Made with Blockbench",
	"textures": {
		"14": "blockbench/texture_14",
		"15": "blockbench/texture_15",
		"16": "blockbench/texture_16",
		"particle": "blockbench/texture_0"
	},
	"elements": [
		{
			"from": [6.5, 0, 7],
			"to": [8, 1.5, 9],
			"faces": {
				"north": {"uv": [12, 13, 16, 16], "texture": "#16"},
				"east": {"uv": [12, 13, 16, 16], "texture": "#16"},
				"south": {"uv": [12, 13, 16, 16], "texture": "#16"},
				"west": {"uv": [12, 13, 16, 16], "texture": "#16"},
				"up": {"uv": [12, 13, 16, 16], "texture": "#16"},
				"down": {"uv": [12, 13, 16, 16], "texture": "#16"}
			}
		},
		{
			"from": [6.5, 5.5, 7],
			"to": [8, 7, 9],
			"faces": {
				"north": {"uv": [12, 13, 16, 16], "texture": "#16"},
				"east": {"uv": [12, 13, 16, 16], "texture": "#16"},
				"south": {"uv": [12, 13, 16, 16], "texture": "#16"},
				"west": {"uv": [12, 13, 16, 16], "texture": "#16"},
				"up": {"uv": [12, 13, 16, 16], "texture": "#16"},
				"down": {"uv": [12, 13, 16, 16], "texture": "#16"}
			}
		},
		{
			"from": [7, 1.5, 7],
			"to": [8, 5.5, 9],
			"faces": {
				"north": {"uv": [13, 1, 16, 13], "texture": "#16"},
				"east": {"uv": [13, 1, 16, 13], "texture": "#16"},
				"south": {"uv": [13, 1, 16, 13], "texture": "#16"},
				"west": {"uv": [13, 1, 16, 13], "texture": "#16"},
				"up": {"uv": [13, 1, 16, 13], "texture": "#16"},
				"down": {"uv": [13, 1, 16, 13], "texture": "#16"}
			}
		},
		{
			"from": [6.875, 5.75, 7.375],
			"to": [7.625, 20, 8.625],
			"faces": {
				"north": {"uv": [0, 0, 0.625, 13], "texture": "#14"},
				"east": {"uv": [0, 0, 0.625, 13], "texture": "#14"},
				"south": {"uv": [0, 0, 0.625, 13], "texture": "#14"},
				"west": {"uv": [0, 0, 0.625, 13], "texture": "#14"},
				"up": {"uv": [0, 0, 0.625, 13], "texture": "#14"},
				"down": {"uv": [0, 0, 0.625, 13], "texture": "#14"}
			}
		},
		{
			"from": [6.625, 6, 7.625],
			"to": [7.875, 20, 8.375],
			"faces": {
				"north": {"uv": [0, 0, 0.625, 13], "texture": "#14"},
				"east": {"uv": [0, 0, 0.625, 13], "texture": "#14"},
				"south": {"uv": [0, 0, 0.625, 13], "texture": "#14"},
				"west": {"uv": [0, 0, 0.625, 13], "texture": "#14"},
				"up": {"uv": [0, 0, 0.625, 13], "texture": "#14"},
				"down": {"uv": [0, 0, 0.625, 13], "texture": "#14"}
			}
		},
		{
			"from": [6.875, 20, 7.625],
			"to": [7.625, 20.2, 8.375],
			"faces": {
				"north": {"uv": [0, 0, 0.375, 0.3], "texture": "#14"},
				"east": {"uv": [0, 0, 0.375, 0.3], "texture": "#14"},
				"south": {"uv": [0, 0, 0.375, 0.3], "texture": "#14"},
				"west": {"uv": [0, 0, 0.375, 0.3], "texture": "#14"},
				"up": {"uv": [0, 0, 0.375, 0.3], "texture": "#14"},
				"down": {"uv": [0, 0, 0.375, 0.3], "texture": "#14"}
			}
		},
		{
			"from": [6.75, 2.25, 7.5],
			"to": [7.75, 4.5, 8.5],
			"faces": {
				"north": {"uv": [0, 0, 4, 4], "texture": "#15"},
				"east": {"uv": [0, 0, 4, 4], "texture": "#15"},
				"south": {"uv": [0, 0, 4, 4], "texture": "#15"},
				"west": {"uv": [0, 0, 4, 4], "texture": "#15"},
				"up": {"uv": [0, 0, 4, 4], "texture": "#15"},
				"down": {"uv": [0, 0, 4, 4], "texture": "#15"}
			}
		}
	],
	"display": {
		"thirdperson_righthand": {
			"rotation": [0, 90, 0],
			"translation": [0.25, 5.25, -0.75],
			"scale": [1, 1.43, 1]
		},
		"thirdperson_lefthand": {
			"rotation": [0, -90, 0],
			"translation": [0.25, 5.25, -0.75],
			"scale": [1, 1.43, 1]
		},
		"firstperson_righthand": {
			"rotation": [-19, 40, -6],
			"translation": [1.75, 6.25, 0],
			"scale": [1, 1.43, 1]
		},
		"firstperson_lefthand": {
			"rotation": [-19, -126, -6],
			"translation": [1.75, 6.25, 0],
			"scale": [1, 1.43, 1]
		},
		"ground": {
			"rotation": [-74, 91, -7],
			"translation": [0, -1.5, 0],
			"scale": [1, 1.43, 1]
		},
		"gui": {
			"rotation": [-6, -4, -27.5],
			"translation": [-0.75, -1.75, 0]
		},
		"fixed": {
			"rotation": [-6, -4, -27.5],
			"translation": [-0.75, -1.75, 0]
		}
	},
	"groups": [0, 1, 2,
		{
			"name": "group",
			"origin": [0, 0, 0],
			"children": [3, 4, 5]
		}, 6]
}