{
	"credit": "Made with Blockbench",
	"textures": {
		"9": "blockbench/texture_9",
		"10": "blockbench/texture_10",
		"11": "blockbench/texture_11",
		"particle": "blockbench/texture_0"
	},
	"elements": [
		{
			"from": [6.5, 0, 7],
			"to": [8, 1.5, 9],
			"faces": {
				"north": {"uv": [2.5, 0, 6, 3.5], "texture": "#11"},
				"east": {"uv": [2.5, 0, 6, 3.5], "texture": "#11"},
				"south": {"uv": [2.5, 0, 6, 3.5], "texture": "#11"},
				"west": {"uv": [2.5, 0, 6, 3.5], "texture": "#11"},
				"up": {"uv": [2.5, 0, 6, 3.5], "texture": "#11"},
				"down": {"uv": [2.5, 0, 6, 3.5], "texture": "#11"}
			}
		},
		{
			"from": [6.5, 1.5, 7.75],
			"to": [6.75, 5.75, 8.25],
			"faces": {
				"north": {"uv": [4, 1, 4.5, 2], "rotation": 270, "texture": "#11"},
				"east": {"uv": [4, 1, 4.5, 2], "rotation": 270, "texture": "#11"},
				"south": {"uv": [4, 1, 4.5, 2], "rotation": 270, "texture": "#11"},
				"west": {"uv": [4, 1, 4.5, 2], "rotation": 270, "texture": "#11"},
				"up": {"uv": [4, 1, 4.5, 2], "rotation": 270, "texture": "#11"},
				"down": {"uv": [4, 1, 4.5, 2], "rotation": 270, "texture": "#11"}
			}
		},
		{
			"from": [6.5, 5.5, 7],
			"to": [8, 7, 9],
			"faces": {
				"north": {"uv": [4, 0, 8, 4], "texture": "#11"},
				"east": {"uv": [4, 0, 8, 4], "texture": "#11"},
				"south": {"uv": [4, 0, 8, 4], "texture": "#11"},
				"west": {"uv": [4, 0, 8, 4], "texture": "#11"},
				"up": {"uv": [4, 0, 8, 4], "texture": "#11"},
				"down": {"uv": [4, 0, 8, 4], "texture": "#11"}
			}
		},
		{
			"from": [7, 1.5, 7],
			"to": [8, 5.5, 9],
			"faces": {
				"north": {"uv": [6, 1, 8, 9], "texture": "#10"},
				"east": {"uv": [6, 1, 8, 9], "texture": "#10"},
				"south": {"uv": [6, 1, 8, 9], "texture": "#10"},
				"west": {"uv": [6, 1, 8, 9], "texture": "#10"},
				"up": {"uv": [6, 1, 8, 9], "texture": "#10"},
				"down": {"uv": [6, 1, 8, 9], "texture": "#10"}
			}
		},
		{
			"from": [6.875, 1.25, 7.375],
			"to": [7.625, 20, 8.625],
			"faces": {
				"north": {"uv": [0, 0, 0.625, 13], "texture": "#9"},
				"east": {"uv": [0, 0, 0.625, 13], "texture": "#9"},
				"south": {"uv": [0, 0, 0.625, 13], "texture": "#9"},
				"west": {"uv": [0, 0, 0.625, 13], "texture": "#9"},
				"up": {"uv": [0, 0, 0.625, 13], "texture": "#9"},
				"down": {"uv": [0, 0, 0.625, 13], "texture": "#9"}
			}
		},
		{
			"from": [6.625, 0.5, 7.625],
			"to": [7.875, 20, 8.375],
			"faces": {
				"north": {"uv": [0, 0, 0.625, 13], "texture": "#9"},
				"east": {"uv": [0, 0, 0.625, 13], "texture": "#9"},
				"south": {"uv": [0, 0, 0.625, 13], "texture": "#9"},
				"west": {"uv": [0, 0, 0.625, 13], "texture": "#9"},
				"up": {"uv": [0, 0, 0.625, 13], "texture": "#9"},
				"down": {"uv": [0, 0, 0.625, 13], "texture": "#9"}
			}
		},
		{
			"from": [6.875, 20, 7.625],
			"to": [7.625, 20.2, 8.375],
			"faces": {
				"north": {"uv": [0, 0, 0.375, 0.3], "texture": "#9"},
				"east": {"uv": [0, 0, 0.375, 0.3], "texture": "#9"},
				"south": {"uv": [0, 0, 0.375, 0.3], "texture": "#9"},
				"west": {"uv": [0, 0, 0.375, 0.3], "texture": "#9"},
				"up": {"uv": [0, 0, 0.375, 0.3], "texture": "#9"},
				"down": {"uv": [0, 0, 0.375, 0.3], "texture": "#9"}
			}
		},
		{
			"from": [7.2, 2.5, 7.5],
			"to": [8.2, 4.5, 8.5],
			"faces": {
				"north": {"uv": [0, 0, 2.5, 3], "texture": "#9"},
				"east": {"uv": [0, 0, 2.5, 3], "texture": "#9"},
				"south": {"uv": [0, 0, 2.5, 3], "texture": "#9"},
				"west": {"uv": [0, 0, 2.5, 3], "texture": "#9"},
				"up": {"uv": [0, 0, 2.5, 3], "texture": "#9"},
				"down": {"uv": [0, 0, 2.5, 3], "texture": "#9"}
			}
		}
	],
	"display": {
		"thirdperson_righthand": {
			"rotation": [0, 90, 0],
			"translation": [0.25, 5.25, -0.75],
			"scale": [1, 1.43, 1]
		},
		"thirdperson_lefthand": {
			"rotation": [0, -90, 0],
			"translation": [0.25, 5.25, -0.75],
			"scale": [1, 1.43, 1]
		},
		"firstperson_righthand": {
			"rotation": [-19, 40, -6],
			"translation": [1.75, 6.25, 0],
			"scale": [1, 1.43, 1]
		},
		"firstperson_lefthand": {
			"rotation": [-19, -126, -6],
			"translation": [1.75, 6.25, 0],
			"scale": [1, 1.43, 1]
		},
		"ground": {
			"rotation": [-74, 91, -7],
			"translation": [0, -1.5, 0],
			"scale": [1, 1.43, 1]
		},
		"gui": {
			"rotation": [-6, -4, -27.5],
			"translation": [-0.75, -1.75, 0]
		},
		"fixed": {
			"rotation": [-6, -4, -27.5],
			"translation": [-0.75, -1.75, 0]
		}
	},
	"groups": [0, 1, 2, 3,
		{
			"name": "group",
			"origin": [0, 0, 0],
			"children": [4, 5, 6]
		}, 7]
}