{
	"credit": "Made with Blockbench",
	"texture_size": [128, 48],
	"textures": {
		"4": "blockbench/texture_4",
		"5": "blockbench/texture_5",
		"particle": "blockbench/texture_0"
	},
	"elements": [
		{
			"from": [6.5, 0, 7],
			"to": [8, 1.5, 9],
			"faces": {
				"north": {"uv": [3.375, 1, 3.75, 1.66667], "texture": "#5"},
				"east": {"uv": [3.375, 1, 3.75, 1.66667], "texture": "#5"},
				"south": {"uv": [3.375, 1, 3.75, 1.66667], "texture": "#5"},
				"west": {"uv": [3.375, 1, 3.75, 1.66667], "texture": "#5"},
				"up": {"uv": [3.375, 1, 3.75, 1.66667], "texture": "#5"},
				"down": {"uv": [3.375, 1, 3.75, 1.66667], "texture": "#5"}
			}
		},
		{
			"from": [6.5, 1.5, 7.75],
			"to": [6.75, 5.75, 8.25],
			"faces": {
				"north": {"uv": [3.375, 1, 3.75, 1.33333], "rotation": 270, "texture": "#5"},
				"east": {"uv": [3.375, 1, 3.75, 1.33333], "rotation": 270, "texture": "#5"},
				"south": {"uv": [3.375, 1, 3.75, 1.33333], "rotation": 270, "texture": "#5"},
				"west": {"uv": [3.375, 1, 3.75, 1.33333], "rotation": 270, "texture": "#5"},
				"up": {"uv": [3.375, 1, 3.75, 1.33333], "rotation": 270, "texture": "#5"},
				"down": {"uv": [3.375, 1, 3.75, 1.33333], "rotation": 270, "texture": "#5"}
			}
		},
		{
			"from": [6.5, 5.5, 7],
			"to": [8, 7, 9],
			"faces": {
				"north": {"uv": [5.375, 0, 5.875, 0.33333], "texture": "#5"},
				"east": {"uv": [5.375, 0, 5.875, 0.33333], "texture": "#5"},
				"south": {"uv": [5.375, 0, 5.875, 0.33333], "texture": "#5"},
				"west": {"uv": [5.375, 0, 5.875, 0.33333], "texture": "#5"},
				"up": {"uv": [1.125, 0, 1.5, 0.66667], "texture": "#5"},
				"down": {"uv": [5.375, 0, 5.875, 0.33333], "texture": "#5"}
			}
		},
		{
			"from": [7, 1.5, 7],
			"to": [8, 5.5, 9],
			"faces": {
				"north": {"uv": [9.75, 10, 9.875, 11.33333], "texture": "#5"},
				"east": {"uv": [9.75, 10, 9.875, 11.33333], "texture": "#5"},
				"south": {"uv": [9.75, 10, 9.875, 11.33333], "texture": "#5"},
				"west": {"uv": [9.75, 10, 9.875, 11.33333], "texture": "#5"},
				"up": {"uv": [9.75, 10, 9.875, 11.33333], "texture": "#5"},
				"down": {"uv": [9.75, 10, 9.875, 11.33333], "texture": "#5"}
			}
		},
		{
			"from": [6.875, 7, 7.375],
			"to": [7.625, 20, 8.625],
			"faces": {
				"north": {"uv": [0, 0, 0.625, 13], "texture": "#4"},
				"east": {"uv": [0, 0, 0.625, 13], "texture": "#4"},
				"south": {"uv": [0, 0, 0.625, 13], "texture": "#4"},
				"west": {"uv": [0, 0, 0.625, 13], "texture": "#4"},
				"up": {"uv": [0, 0, 0.625, 13], "texture": "#4"},
				"down": {"uv": [0, 0, 0.625, 13], "texture": "#4"}
			}
		},
		{
			"from": [6.625, 7, 7.625],
			"to": [7.875, 20, 8.375],
			"faces": {
				"north": {"uv": [0, 0, 0.625, 13], "texture": "#4"},
				"east": {"uv": [0, 0, 0.625, 13], "texture": "#4"},
				"south": {"uv": [0, 0, 0.625, 13], "texture": "#4"},
				"west": {"uv": [0, 0, 0.625, 13], "texture": "#4"},
				"up": {"uv": [0, 0, 0.625, 13], "texture": "#4"},
				"down": {"uv": [0, 0, 0.625, 13], "texture": "#4"}
			}
		},
		{
			"from": [6.875, 20, 7.625],
			"to": [7.625, 20.2, 8.375],
			"faces": {
				"north": {"uv": [0, 0, 0.375, 0.3], "texture": "#4"},
				"east": {"uv": [0, 0, 0.375, 0.3], "texture": "#4"},
				"south": {"uv": [0, 0, 0.375, 0.3], "texture": "#4"},
				"west": {"uv": [0, 0, 0.375, 0.3], "texture": "#4"},
				"up": {"uv": [0, 0, 0.375, 0.3], "texture": "#4"},
				"down": {"uv": [0, 0, 0.375, 0.3], "texture": "#4"}
			}
		},
		{
			"from": [7.2, 2.5, 7.5],
			"to": [8.2, 4.5, 8.5],
			"faces": {
				"north": {"uv": [0, 0, 2.5, 3], "texture": "#4"},
				"east": {"uv": [0, 0, 2.5, 3], "texture": "#4"},
				"south": {"uv": [0, 0, 2.5, 3], "texture": "#4"},
				"west": {"uv": [0, 0, 2.5, 3], "texture": "#4"},
				"up": {"uv": [0, 0, 2.5, 3], "texture": "#4"},
				"down": {"uv": [0, 0, 2.5, 3], "texture": "#4"}
			}
		}
	],
	"display": {
		"thirdperson_righthand": {
			"rotation": [0, 90, 0],
			"translation": [0.25, 5.25, -0.75],
			"scale": [1, 1.43, 1]
		},
		"thirdperson_lefthand": {
			"rotation": [0, -90, 0],
			"translation": [0.25, 5.25, -0.75],
			"scale": [1, 1.43, 1]
		},
		"firstperson_righthand": {
			"rotation": [-19, 40, -6],
			"translation": [1.75, 6.25, 0],
			"scale": [1, 1.43, 1]
		},
		"firstperson_lefthand": {
			"rotation": [-19, -126, -6],
			"translation": [1.75, 6.25, 0],
			"scale": [1, 1.43, 1]
		},
		"ground": {
			"rotation": [-74, 91, -7],
			"translation": [0, -1.5, 0],
			"scale": [1, 1.43, 1]
		},
		"gui": {
			"rotation": [-6, -4, -27.5],
			"translation": [-0.75, -1.75, 0]
		},
		"fixed": {
			"rotation": [-6, -4, -27.5],
			"translation": [-0.75, -1.75, 0]
		}
	},
	"groups": [0, 1, 2, 3,
		{
			"name": "group",
			"origin": [0, 0, 0],
			"children": [4, 5, 6]
		}, 7]
}