{
	"credit": "Made with Blockbench",
	"texture_size": [32, 16],
	"textures": {
		"0": "blockbench/texture_0",
		"1": "blockbench/texture_1",
		"3": "blockbench/texture_3",
		"particle": "blockbench/texture_0"
	},
	"elements": [
		{
			"from": [6.5, 0, 7],
			"to": [8, 1.5, 9],
			"faces": {
				"north": {"uv": [14, 13, 15.5, 16], "texture": "#0"},
				"east": {"uv": [14, 13, 16, 16], "texture": "#0"},
				"south": {"uv": [14, 13, 15.5, 16], "texture": "#0"},
				"west": {"uv": [14, 13, 16, 16], "texture": "#0"},
				"up": {"uv": [3, 6, 5, 10], "texture": "#0"},
				"down": {"uv": [3, 6, 5, 10], "texture": "#0"}
			}
		},
		{
			"from": [6.5, 5.5, 7],
			"to": [8, 7, 9],
			"faces": {
				"north": {"uv": [14, 13, 16, 16], "texture": "#0"},
				"east": {"uv": [14, 13, 16, 16], "texture": "#0"},
				"south": {"uv": [14, 13, 15.5, 16], "texture": "#0"},
				"west": {"uv": [14, 13, 16, 16], "texture": "#0"},
				"up": {"uv": [3, 6, 5, 10], "texture": "#0"},
				"down": {"uv": [3, 6, 5, 10], "texture": "#0"}
			}
		},
		{
			"from": [7, 1.5, 7],
			"to": [8, 5.5, 9],
			"faces": {
				"north": {"uv": [14, 5, 15, 13], "texture": "#0"},
				"east": {"uv": [7.5, 8, 9.5, 16], "texture": "#0"},
				"south": {"uv": [14, 5, 15, 13], "texture": "#0"},
				"west": {"uv": [7.5, 8, 9.5, 16], "texture": "#0"},
				"up": {"uv": [14, 7, 15, 13], "texture": "#0"},
				"down": {"uv": [14, 7, 15, 13], "texture": "#0"}
			}
		},
		{
			"from": [6.875, 7, 7.375],
			"to": [7.625, 20, 8.625],
			"faces": {
				"north": {"uv": [0, 0, 0.625, 13], "texture": "#3"},
				"east": {"uv": [0, 0, 0.625, 13], "texture": "#3"},
				"south": {"uv": [0, 0, 0.625, 13], "texture": "#3"},
				"west": {"uv": [0, 0, 0.625, 13], "texture": "#3"},
				"up": {"uv": [0, 0, 0.625, 13], "texture": "#3"},
				"down": {"uv": [0, 0, 0.625, 13], "texture": "#3"}
			}
		},
		{
			"from": [6.625, 7, 7.625],
			"to": [7.875, 20, 8.375],
			"faces": {
				"north": {"uv": [0, 0, 0.625, 13], "texture": "#3"},
				"east": {"uv": [0, 0, 0.625, 13], "texture": "#3"},
				"south": {"uv": [0, 0, 0.625, 13], "texture": "#3"},
				"west": {"uv": [0, 0, 0.625, 13], "texture": "#3"},
				"up": {"uv": [0, 0, 0.625, 13], "texture": "#3"},
				"down": {"uv": [0, 0, 0.625, 13], "texture": "#3"}
			}
		},
		{
			"from": [6.875, 20, 7.625],
			"to": [7.625, 20.2, 8.375],
			"faces": {
				"north": {"uv": [0, 0, 0.375, 0.3], "texture": "#3"},
				"east": {"uv": [0, 0, 0.375, 0.3], "texture": "#3"},
				"south": {"uv": [0, 0, 0.375, 0.3], "texture": "#3"},
				"west": {"uv": [0, 0, 0.375, 0.3], "texture": "#3"},
				"up": {"uv": [0, 0, 0.375, 0.3], "texture": "#3"},
				"down": {"uv": [0, 0, 0.375, 0.3], "texture": "#3"}
			}
		},
		{
			"from": [6.8, 2.5, 7.5],
			"to": [7.8, 4.5, 8.5],
			"faces": {
				"north": {"uv": [4.5, 0, 7, 3], "texture": "#1"},
				"east": {"uv": [4.5, 0, 7, 3], "texture": "#1"},
				"south": {"uv": [4.5, 0, 7, 3], "texture": "#1"},
				"west": {"uv": [0, 0, 2.5, 3], "texture": "#1"},
				"up": {"uv": [4.5, 0, 7, 3], "texture": "#1"},
				"down": {"uv": [4.5, 0, 7, 3], "texture": "#1"}
			}
		}
	],
	"display": {
		"thirdperson_righthand": {
			"rotation": [0, 90, 0],
			"translation": [0.25, 5.25, -0.75],
			"scale": [1, 1.43, 1]
		},
		"thirdperson_lefthand": {
			"rotation": [0, -90, 0],
			"translation": [0.25, 5.25, -0.75],
			"scale": [1, 1.43, 1]
		},
		"firstperson_righthand": {
			"rotation": [-19, 40, -6],
			"translation": [1.75, 6.25, 0],
			"scale": [1, 1.43, 1]
		},
		"firstperson_lefthand": {
			"rotation": [-19, -126, -6],
			"translation": [1.75, 6.25, 0],
			"scale": [1, 1.43, 1]
		},
		"ground": {
			"rotation": [-74, 91, -7],
			"translation": [0, -1.5, 0],
			"scale": [1, 1.43, 1]
		},
		"gui": {
			"rotation": [-6, -4, -27.5],
			"translation": [-0.75, -1.75, 0]
		},
		"fixed": {
			"rotation": [-6, -4, -27.5],
			"translation": [-0.75, -1.75, 0]
		}
	},
	"groups": [0, 1, 2,
		{
			"name": "group",
			"origin": [0, 0, 0],
			"children": [3, 4, 5]
		}, 6]
}